wall_t,loop_idx,infer_ms,loop_dt_ms,loop_hz,e2e_latency_ms,detected,vision_fps
1781860857.171251,0,2693.201,0.000,0.000,2810.346,1,459.650
1781860857.193508,1,0.000,22.258,44.928,0.000,0,40.928
1781860857.215472,2,0.000,21.964,45.529,0.000,0,21.553
1781860857.237249,3,0.000,21.777,45.920,0.000,0,14.668
1781860857.258976,4,0.000,21.727,46.027,0.000,0,11.123
1781860857.281173,5,0.000,22.197,45.051,0.000,0,8.921
1781860857.303520,6,0.000,22.347,44.748,0.000,0,7.438
1781860857.326180,7,0.000,22.660,44.131,0.000,0,6.365
1781860857.348418,8,182.739,22.238,44.967,208.290,1,11.152
1781860857.370746,9,0.000,22.328,44.787,0.000,0,9.917
1781860857.392763,10,0.000,22.017,45.420,0.000,0,8.941
1781860857.414882,11,0.000,22.119,45.210,0.000,0,8.136
1781860857.437172,12,0.000,22.290,44.864,0.000,0,7.460
1781860857.459791,13,0.000,22.619,44.211,0.000,0,6.880
1781860857.481678,14,0.000,21.887,45.689,0.000,0,6.398
1781860857.503908,15,0.000,22.230,44.985,0.000,0,5.973
1781860857.525779,16,0.000,21.871,45.722,0.000,0,5.607
1781860857.547639,17,0.000,21.860,45.745,0.000,0,5.283
1781860857.569521,18,189.929,21.882,45.699,209.217,1,7.492
1781860857.591417,19,0.000,21.896,45.671,0.000,0,7.103
1781860857.613362,20,0.000,21.945,45.568,0.000,0,6.752
1781860857.635164,21,0.000,21.802,45.866,0.000,0,6.437
1781860857.657006,22,0.000,21.842,45.783,0.000,0,6.148
1781860857.679171,23,0.000,22.165,45.116,0.000,0,5.881
1781860857.701250,24,0.000,22.079,45.292,0.000,0,5.637
1781860857.723253,25,133.719,22.003,45.448,147.656,1,7.218
1781860857.745153,26,0.000,21.899,45.663,0.000,0,6.944
1781860857.767155,27,0.000,22.002,45.450,0.000,0,6.688
1781860857.789281,28,0.000,22.127,45.194,0.000,0,6.449
1781860857.811410,29,0.000,22.129,45.189,0.000,0,6.227
1781860857.833438,30,0.000,22.028,45.397,0.000,0,6.021
1781860857.855768,31,106.114,22.329,44.784,127.379,1,7.281
1781860857.877759,32,0.000,21.991,45.472,0.000,0,7.055
1781860857.899674,33,0.000,21.915,45.630,0.000,0,6.844
1781860857.921601,34,0.000,21.927,45.607,0.000,0,6.644
1781860857.943403,35,0.000,21.802,45.867,0.000,0,6.457
1781860857.965144,36,0.000,21.741,45.996,0.000,0,6.281
1781860857.987273,37,106.930,22.129,45.190,133.320,1,7.333
1781860858.009150,38,0.000,21.877,45.710,0.000,0,7.142
1781860858.031024,39,0.000,21.873,45.718,0.000,0,6.961
1781860858.052888,40,0.000,21.864,45.736,0.000,0,6.789
1781860858.074914,41,0.000,22.026,45.402,0.000,0,6.624
1781860858.096762,42,107.276,21.849,45.769,115.479,1,7.546
1781860858.118803,43,0.000,22.041,45.371,0.000,0,7.371
1781860858.140513,44,0.000,21.710,46.062,0.000,0,7.206
1781860858.162629,45,0.000,22.116,45.216,0.000,0,7.045
1781860858.184386,46,0.000,21.757,45.962,0.000,0,6.894
1781860858.206197,47,0.000,21.811,45.849,0.000,0,6.749
1781860858.228278,48,107.741,22.081,45.287,118.288,1,7.553
1781860858.250270,49,0.000,21.992,45.471,0.000,0,7.399
1781860858.272016,50,0.000,21.746,45.985,0.000,0,7.253
1781860858.294059,51,0.000,22.042,45.367,0.000,0,7.111
1781860858.315789,52,0.000,21.731,46.018,0.000,0,6.976
1781860858.337521,53,0.000,21.732,46.015,0.000,0,6.847
1781860858.359430,54,108.751,21.909,45.644,122.221,1,7.561
1781860858.381666,55,0.000,22.236,44.972,0.000,0,7.422
1781860858.403744,56,0.000,22.078,45.293,0.000,0,7.289
1781860858.425637,57,0.000,21.894,45.676,0.000,0,7.162
1781860858.447909,58,0.000,22.271,44.901,0.000,0,7.038
1781860858.469756,59,0.000,21.847,45.773,0.000,0,6.919
1781860858.491912,60,107.489,22.156,45.134,125.779,1,7.560
1781860858.513947,61,0.000,22.035,45.383,0.000,0,7.436
1781860858.535772,62,0.000,21.826,45.818,0.000,0,7.317
1781860858.557393,63,0.000,21.620,46.253,0.000,0,7.203
1781860858.579054,64,0.000,21.661,46.166,0.000,0,7.092
1781860858.600610,65,0.000,21.556,46.390,0.000,0,6.986
1781860858.622651,66,107.363,22.041,45.370,129.330,1,7.568
1781860858.644496,67,0.000,21.845,45.777,0.000,0,7.455
1781860858.666182,68,0.000,21.686,46.113,0.000,0,7.348
1781860858.687780,69,0.000,21.599,46.299,0.000,0,7.243
1781860858.709446,70,0.000,21.666,46.156,0.000,0,7.141
1781860858.731221,71,0.000,21.775,45.923,0.000,0,7.042
1781860858.753289,72,108.118,22.067,45.316,133.738,1,7.575
1781860858.775126,73,0.000,21.838,45.792,0.000,0,7.472
1781860858.796771,74,0.000,21.645,46.200,0.000,0,7.372
1781860858.818405,75,0.000,21.634,46.224,0.000,0,7.276
1781860858.840101,76,0.000,21.696,46.092,0.000,0,7.181
1781860858.861778,77,106.875,21.677,46.132,114.179,1,7.680
1781860858.883788,78,0.000,22.010,45.434,0.000,0,7.581
1781860858.905652,79,0.000,21.864,45.737,0.000,0,7.486
1781860858.927278,80,0.000,21.626,46.240,0.000,0,7.394
1781860858.948904,81,0.000,21.626,46.242,0.000,0,7.304
1781860858.970708,82,0.000,21.804,45.863,0.000,0,7.216
1781860858.992428,83,105.743,21.720,46.041,117.275,1,7.678
1781860859.014288,84,0.000,21.861,45.744,0.000,0,7.587
1781860859.036054,85,0.000,21.766,45.943,0.000,0,7.499
1781860859.057653,86,0.000,21.599,46.298,0.000,0,7.413
1781860859.079390,87,0.000,21.736,46.006,0.000,0,7.329
1781860859.101213,88,0.000,21.823,45.824,0.000,0,7.246
1781860859.122910,89,106.400,21.697,46.089,121.820,1,7.677
1781860859.144642,90,0.000,21.733,46.014,0.000,0,7.593
1781860859.166290,91,0.000,21.647,46.195,0.000,0,7.510
1781860859.187871,92,0.000,21.582,46.335,0.000,0,7.430
1781860859.209445,93,0.000,21.573,46.354,0.000,0,7.352
1781860859.230924,94,0.000,21.480,46.556,0.000,0,7.275
1781860859.252616,95,106.441,21.692,46.100,125.782,1,7.679
1781860859.274412,96,0.000,21.796,45.880,0.000,0,7.600
1781860859.296031,97,0.000,21.618,46.257,0.000,0,7.522
1781860859.317654,98,0.000,21.624,46.246,0.000,0,7.447
1781860859.339305,99,0.000,21.651,46.187,0.000,0,7.372
1781860859.360942,100,0.000,21.637,46.217,0.000,0,7.300
1781860859.382797,101,105.356,21.854,45.757,130.388,1,7.679
1781860859.404561,102,0.000,21.764,45.947,0.000,0,7.605
1781860859.426257,103,0.000,21.697,46.090,0.000,0,7.532
1781860859.447906,104,0.000,21.649,46.192,0.000,0,7.460
1781860859.469682,105,0.000,21.776,45.922,0.000,0,7.389
1781860859.491416,106,106.156,21.734,46.011,114.138,1,7.751
1781860859.513185,107,0.000,21.769,45.938,0.000,0,7.679
1781860859.534786,108,0.000,21.601,46.293,0.000,0,7.609
1781860859.556267,109,0.000,21.481,46.553,0.000,0,7.540
1781860859.577794,110,0.000,21.527,46.453,0.000,0,7.473
1781860859.599534,111,0.000,21.740,45.999,0.000,0,7.406
1781860859.621266,112,105.412,21.732,46.015,119.040,1,7.748
1781860859.642919,113,0.000,21.653,46.183,0.000,0,7.680
1781860859.664567,114,0.000,21.648,46.193,0.000,0,7.614
1781860859.686169,115,0.000,21.602,46.293,0.000,0,7.548
1781860859.707783,116,0.000,21.614,46.267,0.000,0,7.484
1781860859.729384,117,0.000,21.601,46.293,0.000,0,7.421
1781860859.751279,118,106.090,21.895,45.673,124.930,1,7.745
1781860859.773073,119,0.000,21.795,45.883,0.000,0,7.680
1781860859.794668,120,0.000,21.595,46.308,0.000,0,7.617
1781860859.816265,121,0.000,21.597,46.303,0.000,0,7.555
1781860859.837825,122,0.000,21.560,46.382,0.000,0,7.494
1781860859.859255,123,0.000,21.430,46.665,0.000,0,7.434
1781860859.881066,124,106.939,21.812,45.847,129.183,1,7.743
1781860859.902674,125,0.000,21.608,46.279,0.000,0,7.682
1781860859.924263,126,0.000,21.589,46.320,0.000,0,7.622
1781860859.945763,127,0.000,21.500,46.512,0.000,0,7.563
1781860859.967458,128,0.000,21.696,46.092,0.000,0,7.504
1781860859.988956,129,0.000,21.497,46.517,0.000,0,7.447
1781860860.010911,130,106.088,21.955,45.549,132.659,1,7.741
1781860860.032561,131,0.000,21.651,46.188,0.000,0,7.683
1781860860.054173,132,0.000,21.611,46.272,0.000,0,7.625
1781860860.075710,133,0.000,21.537,46.431,0.000,0,7.569
1781860860.097446,134,0.000,21.736,46.007,0.000,0,7.513
1781860860.119031,135,0.000,21.585,46.328,0.000,0,7.458
1781860860.140823,136,111.723,21.792,45.888,136.622,1,7.740
1781860860.162427,137,0.000,21.604,46.288,0.000,0,7.684
1781860860.184019,138,0.000,21.591,46.315,0.000,0,7.629
1781860860.205555,139,0.000,21.537,46.432,0.000,0,7.575
1781860860.227202,140,0.000,21.647,46.196,0.000,0,7.521
1781860860.248895,141,106.256,21.693,46.098,114.393,1,7.793
1781860860.270669,142,0.000,21.774,45.927,0.000,0,7.738
1781860860.292435,143,0.000,21.765,45.944,0.000,0,7.684
1781860860.314054,144,0.000,21.619,46.255,0.000,0,7.631
1781860860.335683,145,0.000,21.629,46.234,0.000,0,7.579
1781860860.357456,146,0.000,21.773,45.929,0.000,0,7.527
1781860860.379184,147,106.071,21.729,46.022,119.267,1,7.788
1781860860.400826,148,0.000,21.642,46.207,0.000,0,7.736
1781860860.422393,149,0.000,21.567,46.367,0.000,0,7.684
1781860860.443901,150,0.000,21.508,46.494,0.000,0,7.634
1781860860.465602,151,0.000,21.701,46.081,0.000,0,7.584
1781860860.487423,152,0.000,21.821,45.828,0.000,0,7.534
1781860860.509219,153,106.715,21.796,45.881,123.883,1,7.784
1781860860.531447,154,0.000,22.228,44.988,0.000,0,7.733
1781860860.553068,155,0.000,21.621,46.252,0.000,0,7.683
1781860860.574638,156,0.000,21.570,46.360,0.000,0,7.635
1781860860.596433,157,0.000,21.795,45.883,0.000,0,7.586
1781860860.617939,158,0.000,21.506,46.498,0.000,0,7.539
1781860860.640190,159,107.098,22.251,44.942,127.479,1,7.778
1781860860.662464,160,0.000,22.274,44.896,0.000,0,7.729
1781860860.684249,161,0.000,21.785,45.903,0.000,0,7.681
1781860860.706050,162,0.000,21.801,45.868,0.000,0,7.634
1781860860.727834,163,0.000,21.784,45.906,0.000,0,7.587
1781860860.749407,164,0.000,21.572,46.356,0.000,0,7.541
1781860860.771210,165,107.025,21.804,45.864,131.204,1,7.773
1781860860.792824,166,0.000,21.614,46.266,0.000,0,7.727
1781860860.814595,167,0.000,21.771,45.933,0.000,0,7.681
1781860860.836264,168,0.000,21.669,46.149,0.000,0,7.635
1781860860.858023,169,0.000,21.759,45.957,0.000,0,7.590
1781860860.879693,170,106.351,21.670,46.147,112.781,1,7.815
1781860860.901466,171,0.000,21.773,45.929,0.000,0,7.770
1781860860.923075,172,0.000,21.610,46.276,0.000,0,7.725
1781860860.944661,173,0.000,21.585,46.327,0.000,0,7.681
1781860860.966208,174,0.000,21.547,46.410,0.000,0,7.637
1781860860.987842,175,0.000,21.634,46.223,0.000,0,7.594
1781860861.009679,176,100.288,21.837,45.795,116.806,1,7.811
1781860861.031440,177,0.000,21.761,45.954,0.000,0,7.767
1781860861.053076,178,0.000,21.636,46.219,0.000,0,7.724
1781860861.074574,179,0.000,21.499,46.514,0.000,0,7.681
1781860861.096237,180,0.000,21.663,46.162,0.000,0,7.639
1781860861.117724,181,0.000,21.487,46.539,0.000,0,7.598
1781860861.139580,182,107.082,21.856,45.755,0.000,0,7.808
1781860861.161327,183,0.000,21.747,45.983,0.000,0,7.765
1781860861.182950,184,0.000,21.622,46.248,0.000,0,7.723
1781860861.204419,185,0.000,21.469,46.578,0.000,0,7.682
1781860861.226062,186,0.000,21.643,46.204,0.000,0,7.641
1781860861.247672,187,104.868,21.610,46.274,0.000,0,7.846
1781860861.269331,188,0.000,21.658,46.171,0.000,0,7.804
1781860861.290834,189,0.000,21.503,46.505,0.000,0,7.764
1781860861.312455,190,0.000,21.621,46.250,0.000,0,7.723
1781860861.334092,191,0.000,21.636,46.218,0.000,0,7.683
1781860861.355817,192,0.000,21.725,46.030,0.000,0,7.643
1781860861.377691,193,100.127,21.874,45.716,116.038,1,7.841
1781860861.399348,194,0.000,21.657,46.175,0.000,0,7.801
1781860861.420959,195,0.000,21.611,46.273,0.000,0,7.761
1781860861.442450,196,0.000,21.491,46.530,0.000,0,7.722
1781860861.464205,197,0.000,21.755,45.966,0.000,0,7.683
1781860861.485674,198,0.000,21.469,46.579,0.000,0,7.645
1781860861.507563,199,106.062,21.888,45.686,126.875,1,7.837
1781860861.529220,200,0.000,21.657,46.174,0.000,0,7.798
1781860861.550778,201,0.000,21.559,46.385,0.000,0,7.760
1781860861.572335,202,0.000,21.557,46.389,0.000,0,7.722
1781860861.594007,203,0.000,21.672,46.142,0.000,0,7.684
1781860861.615716,204,0.000,21.709,46.064,0.000,0,7.646
1781860861.637746,205,106.570,22.030,45.393,132.133,1,7.832
1781860861.659515,206,0.000,21.769,45.936,0.000,0,7.794
1781860861.681086,207,0.000,21.571,46.358,0.000,0,7.757
1781860861.702570,208,0.000,21.484,46.546,0.000,0,7.720
1781860861.724359,209,0.000,21.789,45.896,0.000,0,7.683
1781860861.746087,210,106.439,21.729,46.022,115.231,1,7.865
1781860861.767890,211,0.000,21.803,45.865,0.000,0,7.828
1781860861.789596,212,0.000,21.705,46.072,0.000,0,7.791
1781860861.811213,213,0.000,21.617,46.260,0.000,0,7.755
1781860861.832848,214,0.000,21.636,46.220,0.000,0,7.719
1781860861.854492,215,0.000,21.644,46.203,0.000,0,7.683
1781860861.876346,216,104.177,21.854,45.757,119.605,1,7.860
1781860861.898200,217,0.000,21.854,45.759,0.000,0,7.824
1781860861.919838,218,0.000,21.638,46.215,0.000,0,7.788
1781860861.941465,219,0.000,21.627,46.238,0.000,0,7.753
1781860861.963131,220,0.000,21.666,46.156,0.000,0,7.718
1781860861.984627,221,0.000,21.497,46.519,0.000,0,7.683
1781860862.006270,222,107.146,21.643,46.205,125.939,1,7.856
1781860862.027975,223,0.000,21.705,46.073,0.000,0,7.821
1781860862.049604,224,0.000,21.629,46.235,0.000,0,7.786
1781860862.071185,225,0.000,21.581,46.337,0.000,0,7.752
1781860862.092736,226,0.000,21.551,46.401,0.000,0,7.718
1781860862.114314,227,0.000,21.578,46.343,0.000,0,7.684
1781860862.136336,228,105.381,22.022,45.410,129.790,1,7.851
1781860862.158024,229,0.000,21.688,46.107,0.000,0,7.817
1781860862.179719,230,0.000,21.695,46.093,0.000,0,7.783
1781860862.201317,231,0.000,21.597,46.302,0.000,0,7.750
1781860862.222967,232,0.000,21.650,46.190,0.000,0,7.717
1781860862.244597,233,0.000,21.631,46.230,0.000,0,7.684
1781860862.266590,234,112.088,21.992,45.470,135.914,1,7.847
1781860862.288230,235,0.000,21.640,46.210,0.000,0,7.814
1781860862.309872,236,0.000,21.641,46.208,0.000,0,7.781
1781860862.331477,237,0.000,21.605,46.285,0.000,0,7.748
1781860862.353234,238,0.000,21.757,45.963,0.000,0,7.716
1781860862.374948,239,106.422,21.714,46.053,113.582,1,7.876
1781860862.396734,240,0.000,21.786,45.900,0.000,0,7.843
1781860862.418350,241,0.000,21.616,46.263,0.000,0,7.811
1781860862.439984,242,0.000,21.634,46.223,0.000,0,7.779
1781860862.461612,243,0.000,21.628,46.236,0.000,0,7.747
1781860862.483540,244,0.000,21.928,45.604,0.000,0,7.715
1781860862.505238,245,105.203,21.698,46.088,118.331,1,7.871
1781860862.527016,246,0.000,21.778,45.917,0.000,0,7.839
1781860862.548737,247,0.000,21.721,46.039,0.000,0,7.807
1781860862.570271,248,0.000,21.534,46.438,0.000,0,7.776
1781860862.591876,249,0.000,21.604,46.287,0.000,0,7.745
1781860862.613651,250,0.000,21.775,45.924,0.000,0,7.714
1781860862.635509,251,105.804,21.858,45.749,0.000,0,7.866
1781860862.657278,252,0.000,21.768,45.938,0.000,0,7.835
1781860862.678859,253,0.000,21.581,46.337,0.000,0,7.804
1781860862.700453,254,0.000,21.594,46.309,0.000,0,7.774
1781860862.722079,255,0.000,21.626,46.241,0.000,0,7.744
1781860862.743611,256,0.000,21.532,46.442,0.000,0,7.714
1781860862.765470,257,107.777,21.859,45.748,129.975,1,7.862
1781860862.787122,258,0.000,21.652,46.185,0.000,0,7.832
1781860862.808737,259,0.000,21.615,46.264,0.000,0,7.802
1781860862.830494,260,0.000,21.757,45.962,0.000,0,7.772
1781860862.852155,261,0.000,21.661,46.165,0.000,0,7.742
1781860862.873781,262,105.946,21.626,46.241,111.234,1,7.888
1781860862.895515,263,0.000,21.733,46.012,0.000,0,7.858
1781860862.917343,264,0.000,21.828,45.812,0.000,0,7.828
1781860862.939121,265,0.000,21.778,45.918,0.000,0,7.799
1781860862.960755,266,0.000,21.634,46.223,0.000,0,7.770
1781860862.982515,267,0.000,21.759,45.957,0.000,0,7.741
1781860863.004255,268,104.562,21.741,45.997,116.526,1,7.883
1781860863.026263,269,0.000,22.008,45.438,0.000,0,7.854
1781860863.048034,270,0.000,21.771,45.933,0.000,0,7.825
1781860863.069750,271,0.000,21.716,46.050,0.000,0,7.796
1781860863.091608,272,0.000,21.858,45.750,0.000,0,7.767
1781860863.113381,273,0.000,21.773,45.928,0.000,0,7.738
1781860863.135370,274,107.225,21.989,45.477,0.000,0,7.878
1781860863.157130,275,0.000,21.760,45.956,0.000,0,7.849
1781860863.178754,276,0.000,21.624,46.245,0.000,0,7.821
1781860863.200340,277,0.000,21.586,46.327,0.000,0,7.793
1781860863.221980,278,0.000,21.640,46.211,0.000,0,7.765
1781860863.243461,279,0.000,21.482,46.552,0.000,0,7.737
1781860863.265472,280,107.529,22.011,45.432,0.000,0,7.874
1781860863.287251,281,0.000,21.779,45.915,0.000,0,7.845
1781860863.308879,282,0.000,21.628,46.236,0.000,0,7.818
1781860863.330631,283,0.000,21.751,45.975,0.000,0,7.790
1781860863.352365,284,0.000,21.734,46.010,0.000,0,7.763
1781860863.374002,285,105.056,21.637,46.217,0.000,0,7.897
1781860863.395881,286,0.000,21.879,45.707,0.000,0,7.869
1781860863.417756,287,0.000,21.876,45.713,0.000,0,7.842
1781860863.439744,288,0.000,21.987,45.481,0.000,0,7.814
1781860863.461763,289,0.000,22.019,45.415,0.000,0,7.787
1781860863.483891,290,0.000,22.128,45.192,0.000,0,7.760
1781860863.508615,291,101.198,24.725,40.445,0.000,0,7.887
1781860863.530655,292,0.000,22.040,45.373,0.000,0,7.860
1781860863.552629,293,0.000,21.974,45.508,0.000,0,7.833
1781860863.574548,294,0.000,21.919,45.622,0.000,0,7.806
1781860863.596404,295,0.000,21.856,45.755,0.000,0,7.779
1781860863.618374,296,0.000,21.970,45.517,0.000,0,7.753
1781860863.640504,297,109.745,22.130,45.187,0.000,0,7.881
1781860863.662203,298,0.000,21.698,46.087,0.000,0,7.854
1781860863.684024,299,0.000,21.822,45.826,0.000,0,7.828
1781860863.705864,300,0.000,21.840,45.788,0.000,0,7.802
1781860863.727651,301,0.000,21.787,45.900,0.000,0,7.776
1781860863.749357,302,105.914,21.706,46.070,0.000,0,7.902
1781860863.771542,303,0.000,22.185,45.075,0.000,0,7.876
1781860863.793767,304,0.000,22.224,44.996,0.000,0,7.849
1781860863.815906,305,0.000,22.140,45.168,0.000,0,7.823
1781860863.837822,306,0.000,21.916,45.629,0.000,0,7.798
1781860863.859624,307,0.000,21.802,45.867,0.000,0,7.772
1781860863.881415,308,105.447,21.791,45.890,0.000,0,7.896
1781860863.903406,309,0.000,21.991,45.473,0.000,0,7.870
1781860863.925112,310,0.000,21.706,46.070,0.000,0,7.845
1781860863.947050,311,0.000,21.938,45.583,0.000,0,7.819
1781860863.968910,312,0.000,21.859,45.747,0.000,0,7.794
1781860863.990665,313,0.000,21.756,45.965,0.000,0,7.769
1781860864.012232,314,106.894,21.566,46.368,0.000,0,7.891
1781860864.033904,315,0.000,21.672,46.142,0.000,0,7.866
1781860864.055666,316,0.000,21.763,45.950,0.000,0,7.841
1781860864.077405,317,0.000,21.739,46.000,0.000,0,7.817
1781860864.099162,318,0.000,21.756,45.963,0.000,0,7.792
1781860864.121006,319,0.000,21.844,45.778,0.000,0,7.768
1781860864.142918,320,105.876,21.912,45.637,0.000,0,7.887
1781860864.164629,321,0.000,21.711,46.060,0.000,0,7.862
1781860864.186352,322,0.000,21.723,46.034,0.000,0,7.838
1781860864.208034,323,0.000,21.682,46.121,0.000,0,7.814
1781860864.229762,324,0.000,21.728,46.024,0.000,0,7.790
1781860864.251665,325,106.717,21.903,45.655,0.000,0,7.907
1781860864.273674,326,0.000,22.009,45.435,0.000,0,7.882
1781860864.295795,327,0.000,22.121,45.206,0.000,0,7.858
1781860864.317667,328,0.000,21.872,45.721,0.000,0,7.834
1781860864.339512,329,0.000,21.845,45.777,0.000,0,7.810
1781860864.361326,330,0.000,21.814,45.842,0.000,0,7.786
1781860864.383300,331,105.468,21.974,45.508,121.276,1,7.901
1781860864.405105,332,0.000,21.805,45.862,0.000,0,7.877
1781860864.426959,333,0.000,21.854,45.758,0.000,0,7.854
1781860864.448794,334,0.000,21.835,45.798,0.000,0,7.830
1781860864.470701,335,0.000,21.907,45.648,0.000,0,7.806
1781860864.492523,336,0.000,21.823,45.824,0.000,0,7.783
1781860864.514676,337,105.499,22.152,45.142,0.000,0,7.896
1781860864.536406,338,0.000,21.731,46.018,0.000,0,7.873
1781860864.558197,339,0.000,21.791,45.891,0.000,0,7.849
1781860864.579924,340,0.000,21.726,46.027,0.000,0,7.826
1781860864.601641,341,0.000,21.718,46.045,0.000,0,7.803
1781860864.623430,342,106.190,21.789,45.895,0.000,0,7.915
1781860864.645378,343,0.000,21.947,45.564,0.000,0,7.892
1781860864.667184,344,0.000,21.806,45.858,0.000,0,7.869
1781860864.689055,345,0.000,21.871,45.723,0.000,0,7.846
1781860864.710817,346,0.000,21.763,45.950,0.000,0,7.823
1781860864.732527,347,0.000,21.709,46.063,0.000,0,7.801
1781860864.754376,348,100.360,21.849,45.768,0.000,0,7.910
1781860864.776310,349,0.000,21.934,45.591,0.000,0,7.887
1781860864.798203,350,0.000,21.893,45.677,0.000,0,7.865
1781860864.819926,351,0.000,21.723,46.034,0.000,0,7.842
1781860864.841684,352,0.000,21.758,45.960,0.000,0,7.820
1781860864.863432,353,0.000,21.748,45.982,0.000,0,7.798
1781860864.885288,354,107.185,21.856,45.754,0.000,0,7.905
1781860864.906816,355,0.000,21.529,46.450,0.000,0,7.883
1781860864.928553,356,0.000,21.737,46.005,0.000,0,7.861
1781860864.950304,357,0.000,21.750,45.976,0.000,0,7.839
1781860864.972022,358,0.000,21.719,46.044,0.000,0,7.818
1781860864.993830,359,105.327,21.808,45.855,0.000,0,7.924
1781860865.015794,360,0.000,21.964,45.528,0.000,0,7.901
1781860865.037685,361,0.000,21.891,45.681,0.000,0,7.879
1781860865.059435,362,0.000,21.749,45.979,0.000,0,7.858
1781860865.081184,363,0.000,21.749,45.978,0.000,0,7.836
1781860865.102932,364,0.000,21.748,45.982,0.000,0,7.815
1781860865.124806,365,105.660,21.874,45.716,0.000,0,7.919
1781860865.146909,366,0.000,22.104,45.241,0.000,0,7.897
1781860865.168737,367,0.000,21.827,45.814,0.000,0,7.875
1781860865.190566,368,0.000,21.829,45.811,0.000,0,7.854
1781860865.212396,369,0.000,21.831,45.807,0.000,0,7.833
1781860865.234166,370,0.000,21.769,45.936,0.000,0,7.811
1781860865.256062,371,113.483,21.897,45.669,0.000,0,7.914
1781860865.278204,372,0.000,22.142,45.163,0.000,0,7.892
1781860865.300092,373,0.000,21.888,45.688,0.000,0,7.871
1781860865.321836,374,0.000,21.743,45.991,0.000,0,7.850
1781860865.343561,375,0.000,21.726,46.028,0.000,0,7.829
1781860865.365314,376,0.000,21.753,45.972,0.000,0,7.808
1781860865.387046,377,106.167,21.732,46.014,0.000,0,7.909
1781860865.409049,378,0.000,22.002,45.449,0.000,0,7.888
1781860865.430948,379,0.000,21.899,45.664,0.000,0,7.867
1781860865.452831,380,0.000,21.883,45.699,0.000,0,7.847
1781860865.474700,381,0.000,21.869,45.726,0.000,0,7.826
1781860865.496529,382,0.000,21.829,45.810,0.000,0,7.806
1781860865.518715,383,106.484,22.186,45.074,0.000,0,7.905
1781860865.540430,384,0.000,21.715,46.050,0.000,0,7.884
1781860865.562454,385,0.000,22.024,45.405,0.000,0,7.863
1781860865.584257,386,0.000,21.802,45.866,0.000,0,7.843
1781860865.606077,387,0.000,21.820,45.829,0.000,0,7.823
1781860865.627958,388,105.987,21.882,45.701,0.000,0,7.921
1781860865.650096,389,0.000,22.138,45.171,0.000,0,7.900
1781860865.672172,390,0.000,22.075,45.300,0.000,0,7.879
1781860865.694056,391,0.000,21.884,45.695,0.000,0,7.859
1781860865.715953,392,0.000,21.897,45.669,0.000,0,7.839
1781860865.737870,393,0.000,21.917,45.626,0.000,0,7.819
1781860865.759732,394,106.806,21.862,45.741,0.000,0,7.916
1781860865.781698,395,0.000,21.966,45.526,0.000,0,7.895
1781860865.803682,396,0.000,21.985,45.486,0.000,0,7.875
1781860865.825596,397,0.000,21.914,45.633,0.000,0,7.855
1781860865.847399,398,0.000,21.803,45.865,0.000,0,7.836
1781860865.869205,399,0.000,21.806,45.859,0.000,0,7.816
1781860865.891392,400,106.630,22.187,45.071,0.000,0,7.911
1781860865.913179,401,0.000,21.787,45.899,0.000,0,7.891
1781860865.935055,402,0.000,21.876,45.713,0.000,0,7.871
1781860865.956898,403,0.000,21.843,45.781,0.000,0,7.852
1781860865.979000,404,0.000,22.102,45.245,0.000,0,7.832
1781860866.001084,405,0.000,22.084,45.281,0.000,0,7.812
1781860866.023324,406,109.410,22.240,44.965,0.000,0,7.906
1781860866.045352,407,0.000,22.028,45.397,0.000,0,7.886
1781860866.067249,408,0.000,21.897,45.669,0.000,0,7.867
1781860866.089109,409,0.000,21.860,45.745,0.000,0,7.848
1781860866.110820,410,0.000,21.711,46.060,0.000,0,7.828
1781860866.132716,411,0.000,21.896,45.670,0.000,0,7.809
1781860866.154603,412,0.000,21.887,45.689,0.000,0,7.790
1781860866.176683,413,145.211,22.079,45.291,0.000,0,7.882
1781860866.198790,414,0.000,22.107,45.235,0.000,0,7.863
1781860866.221630,415,0.000,22.840,43.782,0.000,0,7.843
1781860866.243635,416,0.000,22.005,45.445,0.000,0,7.824
1781860866.265783,417,0.000,22.148,45.152,0.000,0,7.805
1781860866.287966,418,0.000,22.184,45.078,0.000,0,7.786
1781860866.309971,419,0.000,22.005,45.445,0.000,0,7.767
1781860866.331836,420,0.000,21.864,45.736,0.000,0,7.749
1781860866.353722,421,148.065,21.886,45.691,156.646,1,7.839
1781860866.375594,422,0.000,21.873,45.719,0.000,0,7.821
1781860866.397467,423,0.000,21.872,45.720,0.000,0,7.802
1781860866.419219,424,0.000,21.753,45.972,0.000,0,7.784
1781860866.440970,425,0.000,21.751,45.976,0.000,0,7.765
1781860866.462686,426,0.000,21.716,46.050,0.000,0,7.747
1781860866.484653,427,106.674,21.967,45.523,113.231,1,7.836
1781860866.506726,428,0.000,22.074,45.303,0.000,0,7.818
1781860866.528993,429,0.000,22.267,44.909,0.000,0,7.799
1781860866.550703,430,0.000,21.709,46.063,0.000,0,7.781
1781860866.572604,431,0.000,21.901,45.660,0.000,0,7.763
1781860866.594334,432,0.000,21.730,46.019,0.000,0,7.745
1781860866.616257,433,0.000,21.923,45.614,0.000,0,7.727
1781860866.638578,434,116.057,22.321,44.801,141.577,1,7.815
1781860866.660544,435,0.000,21.966,45.524,0.000,0,7.796
1781860866.682729,436,0.000,22.186,45.074,0.000,0,7.778
1781860866.704624,437,0.000,21.894,45.674,0.000,0,7.760
1781860866.726572,438,0.000,21.949,45.561,0.000,0,7.743
1781860866.748359,439,0.000,21.787,45.899,0.000,0,7.725
1781860866.770491,440,112.726,22.132,45.184,137.791,1,7.811
1781860866.792601,441,0.000,22.110,45.229,0.000,0,7.793
1781860866.814578,442,0.000,21.978,45.501,0.000,0,7.776
1781860866.836576,443,0.000,21.997,45.460,0.000,0,7.758
1781860866.858366,444,0.000,21.790,45.892,0.000,0,7.741
1781860866.880224,445,109.230,21.858,45.750,115.792,1,7.826
1781860866.902250,446,0.000,22.027,45.400,0.000,0,7.808
1781860866.924265,447,0.000,22.015,45.424,0.000,0,7.791
1781860866.946234,448,0.000,21.969,45.518,0.000,0,7.773
1781860866.967977,449,0.000,21.743,45.993,0.000,0,7.756
1781860866.989728,450,0.000,21.751,45.974,0.000,0,7.739
1781860867.011590,451,111.224,21.861,45.743,119.266,1,7.823
1781860867.033358,452,0.000,21.769,45.937,0.000,0,7.806
1781860867.055263,453,0.000,21.904,45.653,0.000,0,7.789
1781860867.077201,454,0.000,21.938,45.583,0.000,0,7.771
1781860867.098988,455,0.000,21.787,45.899,0.000,0,7.754
1781860867.120738,456,0.000,21.750,45.976,0.000,0,7.737
1781860867.142606,457,111.232,21.868,45.729,0.000,0,7.821
1781860867.164436,458,0.000,21.830,45.809,0.000,0,7.804
1781860867.186489,459,0.000,22.053,45.345,0.000,0,7.786
1781860867.208466,460,0.000,21.977,45.502,0.000,0,7.769
1781860867.230256,461,0.000,21.791,45.892,0.000,0,7.753
1781860867.252126,462,0.000,21.869,45.726,0.000,0,7.736
1781860867.274114,463,111.882,21.989,45.478,121.171,1,7.818
1781860867.296037,464,0.000,21.923,45.614,0.000,0,7.801
1781860867.317898,465,0.000,21.860,45.745,0.000,0,7.784
1781860867.339738,466,0.000,21.841,45.786,0.000,0,7.767
1781860867.361492,467,0.000,21.754,45.969,0.000,0,7.751
1781860867.383377,468,0.000,21.885,45.694,0.000,0,7.734
1781860867.405384,469,110.921,22.007,45.441,120.902,1,7.815
1781860867.427463,470,0.000,22.079,45.291,0.000,0,7.798
1781860867.449246,471,0.000,21.783,45.908,0.000,0,7.782
1781860867.471221,472,0.000,21.975,45.506,0.000,0,7.765
1781860867.492988,473,0.000,21.768,45.940,0.000,0,7.749
1781860867.514762,474,0.000,21.774,45.927,0.000,0,7.733
1781860867.536615,475,111.619,21.853,45.760,122.174,1,7.813
1781860867.558731,476,0.000,22.116,45.216,0.000,0,7.796
1781860867.580595,477,0.000,21.864,45.737,0.000,0,7.780
1781860867.602595,478,0.000,22.000,45.455,0.000,0,7.763
1781860867.624370,479,0.000,21.775,45.924,0.000,0,7.747
1781860867.646119,480,0.000,21.749,45.980,0.000,0,7.731
1781860867.667998,481,110.975,21.879,45.705,122.703,1,7.810
1781860867.690058,482,0.000,22.059,45.333,0.000,0,7.794
1781860867.712641,483,0.000,22.584,44.279,0.000,0,7.777
1781860867.734601,484,0.000,21.960,45.538,0.000,0,7.761
1781860867.756375,485,0.000,21.774,45.926,0.000,0,7.745
1781860867.778131,486,0.000,21.756,45.964,0.000,0,7.729
1781860867.800140,487,114.478,22.009,45.436,125.064,1,7.807
1781860867.822262,488,0.000,22.122,45.205,0.000,0,7.791
1781860867.844230,489,0.000,21.968,45.520,0.000,0,7.775
1781860867.866097,490,0.000,21.866,45.732,0.000,0,7.759
1781860867.887886,491,0.000,21.789,45.894,0.000,0,7.743
1781860867.909591,492,0.000,21.705,46.073,0.000,0,7.728
1781860867.931636,493,110.062,22.045,45.361,123.051,1,7.805
1781860867.953735,494,0.000,22.099,45.250,0.000,0,7.789
1781860867.976024,495,0.000,22.289,44.866,0.000,0,7.773
1781860867.997903,496,0.000,21.879,45.706,0.000,0,7.757
1781860868.019798,497,0.000,21.895,45.673,0.000,0,7.741
1781860868.041673,498,0.000,21.876,45.713,0.000,0,7.726
1781860868.063519,499,113.001,21.845,45.777,125.270,1,7.802
1781860868.085972,500,0.000,22.454,44.536,0.000,0,7.786
1781860868.107996,501,0.000,22.023,45.406,0.000,0,7.770
1781860868.129915,502,0.000,21.920,45.621,0.000,0,7.755
1781860868.151752,503,0.000,21.837,45.794,0.000,0,7.739
1781860868.173504,504,0.000,21.752,45.973,0.000,0,7.724
1781860868.195388,505,112.920,21.884,45.696,124.314,1,7.800
1781860868.217365,506,0.000,21.977,45.502,0.000,0,7.784
1781860868.239486,507,0.000,22.120,45.207,0.000,0,7.768
1781860868.261389,508,0.000,21.903,45.655,0.000,0,7.753
1781860868.283257,509,0.000,21.868,45.729,0.000,0,7.738
1781860868.305001,510,0.000,21.745,45.988,0.000,0,7.723
1781860868.326877,511,112.970,21.876,45.712,123.275,1,7.797
1781860868.348638,512,0.000,21.761,45.954,0.000,0,7.782
1781860868.370645,513,0.000,22.007,45.441,0.000,0,7.767
1781860868.392606,514,0.000,21.961,45.535,0.000,0,7.752
1781860868.414389,515,0.000,21.782,45.909,0.000,0,7.737
1781860868.436141,516,0.000,21.752,45.973,0.000,0,7.722
1781860868.458146,517,116.469,22.005,45.444,121.879,1,7.795
1781860868.480204,518,0.000,22.058,45.335,0.000,0,7.780
1781860868.502254,519,0.000,22.051,45.350,0.000,0,7.765
1781860868.524033,520,0.000,21.778,45.917,0.000,0,7.750
1781860868.546128,521,0.000,22.095,45.259,0.000,0,7.735
1781860868.568289,522,0.000,22.161,45.124,0.000,0,7.720
1781860868.590622,523,106.576,22.333,44.777,118.355,1,7.792
1781860868.612773,524,0.000,22.151,45.144,0.000,0,7.777
1781860868.634770,525,0.000,21.997,45.461,0.000,0,7.762
1781860868.656664,526,0.000,21.894,45.675,0.000,0,7.747
1781860868.678782,527,0.000,22.119,45.211,0.000,0,7.733
1781860868.700684,528,0.000,21.901,45.659,0.000,0,7.718
1781860868.722877,529,113.006,22.193,45.058,124.774,1,7.790
1781860868.744958,530,0.000,22.081,45.289,0.000,0,7.775
1781860868.766901,531,0.000,21.944,45.571,0.000,0,7.760
1781860868.788811,532,0.000,21.910,45.641,0.000,0,7.745
1781860868.810643,533,0.000,21.832,45.805,0.000,0,7.731
1781860868.832396,534,0.000,21.753,45.972,0.000,0,7.716
1781860868.854283,535,112.600,21.888,45.688,123.958,1,7.788
1781860868.876245,536,0.000,21.962,45.533,0.000,0,7.773
1781860868.898300,537,0.000,22.054,45.342,0.000,0,7.758
1781860868.920157,538,0.000,21.857,45.752,0.000,0,7.744
1781860868.942043,539,0.000,21.886,45.691,0.000,0,7.730
1781860868.963780,540,0.000,21.737,46.004,0.000,0,7.715
1781860868.985679,541,111.622,21.899,45.665,123.370,1,7.786
1781860869.007809,542,0.000,22.130,45.188,0.000,0,7.771
1781860869.029739,543,0.000,21.930,45.599,0.000,0,7.757
1781860869.051656,544,0.000,21.917,45.627,0.000,0,7.742
1781860869.073403,545,0.000,21.747,45.983,0.000,0,7.728
1781860869.095153,546,0.000,21.751,45.976,0.000,0,7.714
1781860869.117044,547,116.007,21.891,45.681,124.097,1,7.784
1781860869.139160,548,0.000,22.116,45.217,0.000,0,7.769
1781860869.161170,549,0.000,22.010,45.434,0.000,0,7.755
1781860869.183026,550,0.000,21.856,45.754,0.000,0,7.741
1781860869.204776,551,0.000,21.749,45.978,0.000,0,7.727
1781860869.226533,552,0.000,21.757,45.961,0.000,0,7.713
1781860869.248409,553,111.555,21.876,45.712,120.202,1,7.782
1781860869.270358,554,0.000,21.949,45.561,0.000,0,7.768
1781860869.292385,555,0.000,22.027,45.399,0.000,0,7.754
1781860869.314279,556,0.000,21.895,45.673,0.000,0,7.740
1781860869.336031,557,0.000,21.752,45.973,0.000,0,7.726
1781860869.357755,558,0.000,21.724,46.033,0.000,0,7.712
1781860869.379666,559,111.152,21.911,45.640,119.878,1,7.780
1781860869.401518,560,0.000,21.852,45.763,0.000,0,7.766
1781860869.423477,561,0.000,21.959,45.539,0.000,0,7.752
1781860869.445445,562,0.000,21.968,45.520,0.000,0,7.738
1781860869.467291,563,0.000,21.846,45.776,0.000,0,7.725
1781860869.489178,564,0.000,21.887,45.689,0.000,0,7.711
1781860869.511033,565,111.734,21.855,45.757,121.252,1,7.778
1781860869.533131,566,0.000,22.099,45.252,0.000,0,7.764
1781860869.555197,567,0.000,22.066,45.319,0.000,0,7.751
1781860869.577221,568,0.000,22.024,45.405,0.000,0,7.737
1781860869.599012,569,0.000,21.791,45.891,0.000,0,7.723
1781860869.620662,570,0.000,21.650,46.189,0.000,0,7.710
1781860869.643053,571,116.575,22.391,44.662,122.324,1,7.776
1781860869.665240,572,0.000,22.187,45.071,0.000,0,7.762
1781860869.687187,573,0.000,21.947,45.564,0.000,0,7.749
1781860869.709033,574,0.000,21.845,45.776,0.000,0,7.735
1781860869.731002,575,0.000,21.969,45.518,0.000,0,7.722
1781860869.752697,576,0.000,21.695,46.093,0.000,0,7.708
1781860869.774619,577,107.406,21.922,45.617,116.867,1,7.774
1781860869.796413,578,0.000,21.794,45.884,0.000,0,7.761
1781860869.818396,579,0.000,21.983,45.489,0.000,0,7.747
1781860869.840249,580,0.000,21.853,45.760,0.000,0,7.734
1781860869.862043,581,0.000,21.794,45.884,0.000,0,7.721
1781860869.883795,582,0.000,21.752,45.973,0.000,0,7.708
1781860869.905673,583,111.749,21.878,45.708,121.192,1,7.773
1781860869.927777,584,0.000,22.104,45.241,0.000,0,7.759
1781860869.949492,585,0.000,21.715,46.052,0.000,0,7.746
1781860869.971165,586,0.000,21.674,46.139,0.000,0,7.733
1781860869.992917,587,0.000,21.751,45.975,0.000,0,7.720
1781860870.014669,588,0.000,21.752,45.973,0.000,0,7.707
1781860870.036547,589,111.563,21.879,45.707,120.380,1,7.772
1781860870.058435,590,0.000,21.887,45.689,0.000,0,7.758
1781860870.080171,591,0.000,21.736,46.006,0.000,0,7.745
1781860870.101971,592,0.000,21.800,45.871,0.000,0,7.732
1781860870.124066,593,0.000,22.095,45.259,0.000,0,7.719
1781860870.146296,594,0.000,22.230,44.985,0.000,0,7.706
1781860870.168315,595,111.171,22.019,45.416,121.232,1,7.770
1781860870.190273,596,0.000,21.958,45.541,0.000,0,7.757
1781860870.212049,597,0.000,21.776,45.922,0.000,0,7.744
1781860870.233964,598,0.000,21.915,45.631,0.000,0,7.731
1781860870.255670,599,0.000,21.707,46.069,0.000,0,7.718
1781860870.277426,600,0.000,21.756,45.964,0.000,0,7.705
1781860870.299308,601,111.195,21.882,45.701,121.333,1,7.768
1781860870.321180,602,0.000,21.872,45.720,0.000,0,7.755
1781860870.342903,603,0.000,21.723,46.034,0.000,0,7.743
1781860870.364637,604,0.000,21.734,46.012,0.000,0,7.730
1781860870.386427,605,0.000,21.790,45.892,0.000,0,7.717
1781860870.408144,606,0.000,21.717,46.047,0.000,0,7.704
1781860870.430053,607,113.013,21.910,45.642,121.131,1,7.767
1781860870.452032,608,0.000,21.978,45.499,0.000,0,7.754
1781860870.474101,609,0.000,22.069,45.312,0.000,0,7.741
1781860870.496027,610,0.000,21.926,45.608,0.000,0,7.729
1781860870.517753,611,0.000,21.726,46.029,0.000,0,7.716
1781860870.539554,612,0.000,21.801,45.868,0.000,0,7.704
1781860870.561435,613,111.631,21.881,45.702,119.992,1,7.766
1781860870.583508,614,0.000,22.073,45.305,0.000,0,7.753
1781860870.605546,615,0.000,22.038,45.376,0.000,0,7.740
1781860870.627395,616,0.000,21.849,45.769,0.000,0,7.728
1781860870.649156,617,0.000,21.761,45.953,0.000,0,7.715
1781860870.670946,618,0.000,21.790,45.894,0.000,0,7.703
1781860870.692933,619,111.060,21.987,45.481,120.164,1,7.764
1781860870.715069,620,0.000,22.136,45.175,0.000,0,7.751
1781860870.736964,621,0.000,21.895,45.673,0.000,0,7.739
1781860870.758838,622,0.000,21.875,45.715,0.000,0,7.726
1781860870.780647,623,0.000,21.808,45.854,0.000,0,7.714
1781860870.802440,624,0.000,21.793,45.886,0.000,0,7.702
1781860870.824188,625,0.000,21.748,45.981,0.000,0,7.689
1781860870.846294,626,115.969,22.106,45.237,142.342,1,7.750
1781860870.868291,627,0.000,21.997,45.460,0.000,0,7.738
1781860870.890221,628,0.000,21.929,45.601,0.000,0,7.725
1781860870.911978,629,0.000,21.757,45.962,0.000,0,7.713
1781860870.933696,630,0.000,21.718,46.045,0.000,0,7.701
1781860870.955536,631,0.000,21.841,45.786,0.000,0,7.689
1781860870.977580,632,113.157,22.044,45.364,138.702,1,7.749
1781860870.999701,633,0.000,22.121,45.206,0.000,0,7.736
1781860871.021667,634,0.000,21.966,45.525,0.000,0,7.724
1781860871.043419,635,0.000,21.752,45.973,0.000,0,7.712
1781860871.065195,636,0.000,21.776,45.922,0.000,0,7.700
1781860871.086947,637,0.000,21.751,45.974,0.000,0,7.688
1781860871.109042,638,113.785,22.096,45.258,137.631,1,7.748
1781860871.131077,639,0.000,22.035,45.383,0.000,0,7.735
1781860871.153040,640,0.000,21.963,45.532,0.000,0,7.723
1781860871.174827,641,0.000,21.787,45.899,0.000,0,7.711
1781860871.196544,642,0.000,21.717,46.047,0.000,0,7.699
1781860871.218332,643,0.000,21.788,45.898,0.000,0,7.687
1781860871.240552,644,111.961,22.221,45.003,136.217,1,7.746
1781860871.262552,645,0.000,21.999,45.456,0.000,0,7.734
1781860871.284310,646,0.000,21.759,45.959,0.000,0,7.722
1781860871.306126,647,0.000,21.816,45.839,0.000,0,7.710
1781860871.327953,648,0.000,21.827,45.815,0.000,0,7.698
1781860871.349699,649,0.000,21.747,45.984,0.000,0,7.687
1781860871.371803,650,112.547,22.103,45.242,136.387,1,7.745
1781860871.393562,651,0.000,21.759,45.958,0.000,0,7.733
1781860871.415464,652,0.000,21.902,45.658,0.000,0,7.721
1781860871.437207,653,0.000,21.743,45.992,0.000,0,7.709
1781860871.458968,654,0.000,21.762,45.952,0.000,0,7.698
1781860871.480705,655,0.000,21.736,46.006,0.000,0,7.686
1781860871.502738,656,113.899,22.034,45.385,135.226,1,7.744
1781860871.524685,657,0.000,21.947,45.565,0.000,0,7.732
1781860871.546681,658,0.000,21.996,45.462,0.000,0,7.720
1781860871.568436,659,0.000,21.755,45.967,0.000,0,7.709
1781860871.590426,660,0.000,21.990,45.475,0.000,0,7.697
1781860871.612207,661,0.000,21.781,45.912,0.000,0,7.685
1781860871.633947,662,113.291,21.740,45.998,131.811,1,7.743
1781860871.655653,663,0.000,21.706,46.070,0.000,0,7.731
1781860871.677726,664,0.000,22.074,45.303,0.000,0,7.720
1781860871.699600,665,0.000,21.874,45.717,0.000,0,7.708
1781860871.721409,666,0.000,21.809,45.852,0.000,0,7.696
1781860871.743210,667,0.000,21.801,45.870,0.000,0,7.685
1781860871.765181,668,113.684,21.971,45.515,129.596,1,7.742
1781860871.787342,669,0.000,22.161,45.125,0.000,0,7.730
1781860871.809247,670,0.000,21.905,45.651,0.000,0,7.718
1781860871.831088,671,0.000,21.841,45.785,0.000,0,7.707
1781860871.852837,672,0.000,21.749,45.980,0.000,0,7.696
1781860871.874565,673,0.000,21.728,46.023,0.000,0,7.684
1781860871.896493,674,112.691,21.928,45.604,127.382,1,7.741
1781860871.918505,675,0.000,22.012,45.430,0.000,0,7.729
1781860871.940342,676,0.000,21.837,45.793,0.000,0,7.718
1781860871.962250,677,0.000,21.908,45.645,0.000,0,7.706
1781860871.983984,678,0.000,21.734,46.011,0.000,0,7.695
1781860872.005880,679,0.000,21.895,45.672,0.000,0,7.684
1781860872.027843,680,118.362,21.964,45.530,126.775,1,7.740
1781860872.049851,681,0.000,22.007,45.440,0.000,0,7.728
1781860872.072031,682,0.000,22.180,45.085,0.000,0,7.717
1781860872.093875,683,0.000,21.845,45.778,0.000,0,7.705
1781860872.115600,684,0.000,21.725,46.030,0.000,0,7.694
1781860872.137250,685,0.000,21.650,46.190,0.000,0,7.683
1781860872.159104,686,111.858,21.854,45.759,119.273,1,7.738
1781860872.180835,687,0.000,21.732,46.016,0.000,0,7.727
1781860872.202939,688,0.000,22.104,45.241,0.000,0,7.716
1781860872.224990,689,0.000,22.051,45.350,0.000,0,7.705
1781860872.246856,690,0.000,21.866,45.732,0.000,0,7.693
1781860872.268706,691,0.000,21.850,45.767,0.000,0,7.682
1781860872.290477,692,0.000,21.771,45.932,0.000,0,7.671
1781860872.312465,693,118.195,21.988,45.479,140.668,1,7.726
1781860872.334484,694,0.000,22.018,45.416,0.000,0,7.715
1781860872.356376,695,0.000,21.893,45.678,0.000,0,7.704
1781860872.378248,696,0.000,21.872,45.720,0.000,0,7.693
1781860872.399956,697,0.000,21.708,46.065,0.000,0,7.682
1781860872.421698,698,0.000,21.742,45.994,0.000,0,7.671
1781860872.443759,699,112.169,22.061,45.329,133.720,1,7.725
1781860872.465744,700,0.000,21.984,45.487,0.000,0,7.714
1781860872.487752,701,0.000,22.009,45.437,0.000,0,7.703
1781860872.509603,702,0.000,21.851,45.764,0.000,0,7.692
1781860872.531473,703,0.000,21.870,45.725,0.000,0,7.681
1781860872.553146,704,0.000,21.673,46.141,0.000,0,7.670
1781860872.575155,705,112.449,22.009,45.435,0.000,0,7.724
1781860872.596838,706,0.000,21.682,46.121,0.000,0,7.713
1781860872.618533,707,0.000,21.696,46.092,0.000,0,7.703
1781860872.640363,708,0.000,21.830,45.808,0.000,0,7.692
1781860872.662065,709,0.000,21.701,46.080,0.000,0,7.681
1781860872.683855,710,0.000,21.791,45.892,0.000,0,7.670
1781860872.705854,711,111.611,21.998,45.458,0.000,0,7.724
1781860872.727874,712,0.000,22.020,45.413,0.000,0,7.713
1781860872.749585,713,0.000,21.711,46.060,0.000,0,7.702
1781860872.771365,714,0.000,21.780,45.913,0.000,0,7.691
1781860872.793366,715,0.000,22.001,45.452,0.000,0,7.680
1781860872.815061,716,0.000,21.695,46.093,0.000,0,7.670
1781860872.837908,717,112.527,22.847,43.770,134.460,1,7.722
1781860872.860007,718,0.000,22.099,45.251,0.000,0,7.711
1781860872.882357,719,0.000,22.350,44.744,0.000,0,7.700
1781860872.904254,720,0.000,21.898,45.667,0.000,0,7.690
1781860872.926086,721,0.000,21.832,45.805,0.000,0,7.679
1781860872.947875,722,0.000,21.789,45.896,0.000,0,7.669
1781860872.970003,723,111.234,22.129,45.190,0.000,0,7.721
1781860872.991863,724,0.000,21.860,45.746,0.000,0,7.710
1781860873.013882,725,0.000,22.019,45.416,0.000,0,7.700
1781860873.035744,726,0.000,21.863,45.740,0.000,0,7.689
1781860873.057516,727,0.000,21.772,45.930,0.000,0,7.679
1781860873.079237,728,0.000,21.721,46.038,0.000,0,7.668
1781860873.101371,729,111.980,22.134,45.180,0.000,0,7.720
1781860873.123242,730,0.000,21.871,45.723,0.000,0,7.710
1781860873.145253,731,0.000,22.011,45.431,0.000,0,7.699
1781860873.167115,732,0.000,21.862,45.742,0.000,0,7.688
1781860873.188881,733,0.000,21.766,45.942,0.000,0,7.678
1781860873.210743,734,0.000,21.862,45.742,0.000,0,7.668
1781860873.232850,735,117.280,22.107,45.234,134.529,1,7.719
1781860873.254606,736,0.000,21.756,45.964,0.000,0,7.709
1781860873.276595,737,0.000,21.988,45.479,0.000,0,7.698
1781860873.298541,738,0.000,21.946,45.565,0.000,0,7.688
1781860873.320369,739,0.000,21.828,45.813,0.000,0,7.677
1781860873.342113,740,0.000,21.744,45.989,0.000,0,7.667
1781860873.363993,741,113.151,21.880,45.705,127.847,1,7.718
1781860873.385891,742,0.000,21.898,45.666,0.000,0,7.708
1781860873.407882,743,0.000,21.991,45.473,0.000,0,7.698
1781860873.429745,744,0.000,21.863,45.739,0.000,0,7.687
1781860873.451470,745,0.000,21.725,46.031,0.000,0,7.677
1781860873.473274,746,0.000,21.804,45.863,0.000,0,7.667
1781860873.495227,747,112.778,21.952,45.553,126.609,1,7.718
1781860873.517139,748,0.000,21.913,45.635,0.000,0,7.707
1781860873.539255,749,0.000,22.115,45.218,0.000,0,7.697
1781860873.561225,750,0.000,21.970,45.516,0.000,0,7.687
1781860873.583143,751,0.000,21.918,45.624,0.000,0,7.676
1781860873.604950,752,0.000,21.807,45.856,0.000,0,7.666
1781860873.626869,753,114.547,21.919,45.623,125.736,1,7.717
1781860873.648734,754,0.000,21.865,45.735,0.000,0,7.706
1781860873.670590,755,0.000,21.856,45.755,0.000,0,7.696
1781860873.692633,756,0.000,22.043,45.365,0.000,0,7.686
1781860873.714511,757,0.000,21.878,45.709,0.000,0,7.676
1781860873.736253,758,0.000,21.742,45.993,0.000,0,7.666
1781860873.758378,759,112.500,22.125,45.199,122.260,1,7.716
1781860873.780330,760,0.000,21.952,45.553,0.000,0,7.706
1781860873.802145,761,0.000,21.814,45.841,0.000,0,7.696
1781860873.824134,762,0.000,21.990,45.476,0.000,0,7.685
1781860873.846101,763,0.000,21.966,45.524,0.000,0,7.675
1781860873.867843,764,0.000,21.742,45.994,0.000,0,7.665
1781860873.889632,765,0.000,21.789,45.894,0.000,0,7.655
1781860873.911892,766,117.017,22.260,44.924,143.243,1,7.705
1781860873.933882,767,0.000,21.991,45.474,0.000,0,7.695
1781860873.955798,768,0.000,21.915,45.630,0.000,0,7.685
1781860873.977644,769,0.000,21.846,45.775,0.000,0,7.675
1781860873.999507,770,0.000,21.863,45.739,0.000,0,7.665
1781860874.021349,771,110.568,21.842,45.783,116.509,1,7.714
1781860874.043359,772,0.000,22.010,45.434,0.000,0,7.704
1781860874.065297,773,0.000,21.938,45.583,0.000,0,7.694
1781860874.087310,774,0.000,22.013,45.428,0.000,0,7.684
1781860874.109135,775,0.000,21.825,45.818,0.000,0,7.674
1781860874.130848,776,0.000,21.713,46.054,0.000,0,7.664
1781860874.152763,777,110.875,21.915,45.631,118.361,1,7.713
1781860874.174492,778,0.000,21.728,46.023,0.000,0,7.703
1781860874.196485,779,0.000,21.994,45.468,0.000,0,7.693
1781860874.218532,780,0.000,22.047,45.359,0.000,0,7.684
1781860874.240277,781,0.000,21.745,45.987,0.000,0,7.674
1781860874.262046,782,0.000,21.769,45.938,0.000,0,7.664
1781860874.283808,783,111.021,21.762,45.952,0.000,0,7.713
1781860874.305889,784,0.000,22.082,45.286,0.000,0,7.703
1781860874.327893,785,0.000,22.003,45.447,0.000,0,7.693
1781860874.349780,786,0.000,21.887,45.690,0.000,0,7.683
1781860874.371640,787,0.000,21.860,45.745,0.000,0,7.673
1781860874.393329,788,0.000,21.689,46.107,0.000,0,7.664
1781860874.415141,789,0.000,21.812,45.845,0.000,0,7.654
1781860874.436900,790,116.754,21.759,45.958,141.516,1,7.702
1781860874.458904,791,0.000,22.003,45.447,0.000,0,7.692
1781860874.480871,792,0.000,21.968,45.521,0.000,0,7.683
1781860874.502643,793,0.000,21.771,45.932,0.000,0,7.673
1781860874.524414,794,0.000,21.772,45.931,0.000,0,7.663
1781860874.546228,795,0.000,21.814,45.842,0.000,0,7.654
1781860874.568411,796,110.964,22.183,45.080,136.503,1,7.701
1781860874.590157,797,0.000,21.746,45.986,0.000,0,7.692
1781860874.612150,798,0.000,21.994,45.468,0.000,0,7.682
1781860874.634062,799,0.000,21.911,45.639,0.000,0,7.672
1781860874.655901,800,0.000,21.839,45.789,0.000,0,7.663
1781860874.677645,801,0.000,21.744,45.989,0.000,0,7.653
1781860874.699780,802,112.155,22.135,45.178,137.625,1,7.701
1781860874.721560,803,0.000,21.780,45.913,0.000,0,7.691
1781860874.743563,804,0.000,22.002,45.449,0.000,0,7.682
1781860874.765404,805,0.000,21.842,45.784,0.000,0,7.672
1781860874.787279,806,0.000,21.874,45.716,0.000,0,7.663
1781860874.809083,807,0.000,21.804,45.863,0.000,0,7.653
1781860874.831255,808,111.778,22.173,45.101,0.000,0,7.700
1781860874.853003,809,0.000,21.747,45.983,0.000,0,7.691
1781860874.874633,810,0.000,21.631,46.230,0.000,0,7.681
1781860874.896405,811,0.000,21.771,45.932,0.000,0,7.672
1781860874.918191,812,0.000,21.787,45.899,0.000,0,7.662
1781860874.939983,813,0.000,21.791,45.890,0.000,0,7.653
1781860874.962160,814,112.160,22.178,45.090,138.244,1,7.700
1781860874.984175,815,0.000,22.015,45.424,0.000,0,7.690
1781860875.006014,816,0.000,21.839,45.790,0.000,0,7.681
1781860875.027944,817,0.000,21.930,45.599,0.000,0,7.671
1781860875.049781,818,0.000,21.837,45.794,0.000,0,7.662
1781860875.071494,819,0.000,21.713,46.055,0.000,0,7.653
1781860875.093420,820,115.475,21.926,45.608,136.955,1,7.699
1781860875.115425,821,0.000,22.005,45.444,0.000,0,7.690
1781860875.137140,822,0.000,21.715,46.052,0.000,0,7.680
1781860875.158929,823,0.000,21.789,45.894,0.000,0,7.671
1781860875.180692,824,0.000,21.763,45.950,0.000,0,7.662
1781860875.202421,825,0.000,21.729,46.021,0.000,0,7.652
1781860875.224119,826,113.567,21.698,46.088,132.353,1,7.699
1781860875.246038,827,0.000,21.919,45.622,0.000,0,7.689
1781860875.268034,828,0.000,21.996,45.462,0.000,0,7.680
1781860875.289786,829,0.000,21.751,45.975,0.000,0,7.671
1781860875.311534,830,0.000,21.749,45.980,0.000,0,7.662
1781860875.333256,831,0.000,21.722,46.037,0.000,0,7.652
1781860875.355182,832,113.153,21.926,45.608,130.065,1,7.698
1781860875.377096,833,0.000,21.914,45.633,0.000,0,7.689
1781860875.398933,834,0.000,21.838,45.792,0.000,0,7.680
1781860875.420789,835,0.000,21.856,45.754,0.000,0,7.671
1781860875.442628,836,0.000,21.839,45.790,0.000,0,7.661
1781860875.464268,837,0.000,21.640,46.210,0.000,0,7.652
1781860875.486325,838,113.916,22.057,45.338,129.032,1,7.698
1781860875.508414,839,0.000,22.089,45.272,0.000,0,7.688
1781860875.530268,840,0.000,21.855,45.756,0.000,0,7.679
1781860875.552300,841,0.000,22.031,45.390,0.000,0,7.670
1781860875.574170,842,0.000,21.870,45.724,0.000,0,7.661
1781860875.596028,843,0.000,21.858,45.750,0.000,0,7.652
1781860875.618253,844,117.535,22.225,44.995,126.810,1,7.697
1781860875.640116,845,0.000,21.863,45.739,0.000,0,7.688
1781860875.662446,846,0.000,22.330,44.783,0.000,0,7.678
1781860875.684528,847,0.000,22.082,45.286,0.000,0,7.669
1781860875.706313,848,0.000,21.785,45.903,0.000,0,7.660
1781860875.728179,849,0.000,21.867,45.732,0.000,0,7.651
1781860875.750113,850,111.103,21.933,45.593,121.467,1,7.696
1781860875.772442,851,0.000,22.330,44.783,0.000,0,7.687
1781860875.794556,852,0.000,22.114,45.221,0.000,0,7.678
1781860875.816526,853,0.000,21.970,45.517,0.000,0,7.669
1781860875.838327,854,0.000,21.801,45.869,0.000,0,7.660
1781860875.860050,855,0.000,21.723,46.034,0.000,0,7.651
1781860875.881929,856,112.253,21.879,45.707,122.308,1,7.695
1781860875.903959,857,0.000,22.030,45.392,0.000,0,7.686
1781860875.926052,858,0.000,22.093,45.263,0.000,0,7.677
1781860875.947798,859,0.000,21.746,45.986,0.000,0,7.668
1781860875.969555,860,0.000,21.757,45.962,0.000,0,7.659
1781860875.991303,861,0.000,21.748,45.981,0.000,0,7.651
1781860876.013130,862,111.907,21.827,45.814,0.000,0,7.695
1781860876.034946,863,0.000,21.816,45.838,0.000,0,7.686
1781860876.056937,864,0.000,21.990,45.475,0.000,0,7.677
1781860876.078845,865,0.000,21.908,45.645,0.000,0,7.668
1781860876.100679,866,0.000,21.835,45.799,0.000,0,7.659
1781860876.122431,867,0.000,21.751,45.975,0.000,0,7.650
1781860876.144303,868,111.754,21.872,45.720,121.732,1,7.694
1781860876.166393,869,0.000,22.090,45.268,0.000,0,7.685
1781860876.188416,870,0.000,22.022,45.409,0.000,0,7.676
1781860876.210539,871,0.000,22.123,45.201,0.000,0,7.667
1781860876.232450,872,0.000,21.911,45.638,0.000,0,7.659
1781860876.254212,873,0.000,21.762,45.952,0.000,0,7.650
1781860876.276070,874,116.521,21.858,45.750,0.000,0,7.694
1781860876.298179,875,0.000,22.109,45.231,0.000,0,7.685
1781860876.320071,876,0.000,21.893,45.678,0.000,0,7.676
1781860876.342072,877,0.000,22.001,45.452,0.000,0,7.667
1781860876.363824,878,0.000,21.751,45.975,0.000,0,7.658
1781860876.385586,879,0.000,21.763,45.950,0.000,0,7.650
1781860876.407704,880,111.306,22.118,45.213,118.492,1,7.693
1781860876.430002,881,0.000,22.298,44.846,0.000,0,7.684
1781860876.452046,882,0.000,22.044,45.363,0.000,0,7.675
1781860876.474075,883,0.000,22.029,45.395,0.000,0,7.666
1781860876.495955,884,0.000,21.880,45.704,0.000,0,7.658
1781860876.517796,885,0.000,21.841,45.786,0.000,0,7.649
1781860876.539698,886,110.999,21.902,45.658,0.000,0,7.692
1781860876.561862,887,0.000,22.164,45.118,0.000,0,7.683
1781860876.583852,888,0.000,21.990,45.475,0.000,0,7.675
1781860876.605798,889,0.000,21.945,45.568,0.000,0,7.666
1781860876.627805,890,0.000,22.007,45.440,0.000,0,7.657
1781860876.649616,891,0.000,21.811,45.848,0.000,0,7.649
1781860876.671451,892,111.651,21.835,45.798,0.000,0,7.691
1781860876.693539,893,0.000,22.089,45.272,0.000,0,7.683
1781860876.715652,894,0.000,22.113,45.222,0.000,0,7.674
1781860876.737706,895,0.000,22.053,45.345,0.000,0,7.665
1781860876.759583,896,0.000,21.878,45.709,0.000,0,7.657
1781860876.781535,897,0.000,21.951,45.555,0.000,0,7.648
1781860876.803664,898,110.666,22.130,45.188,0.000,0,7.691
1781860876.826018,899,0.000,22.353,44.736,0.000,0,7.682
1781860876.847957,900,0.000,21.939,45.581,0.000,0,7.673
1781860876.869902,901,0.000,21.945,45.568,0.000,0,7.665
1781860876.891699,902,0.000,21.797,45.878,0.000,0,7.656
1781860876.913453,903,0.000,21.754,45.969,0.000,0,7.648
1781860876.935460,904,112.232,22.007,45.440,123.382,1,7.690
1781860876.957359,905,0.000,21.899,45.664,0.000,0,7.681
1781860876.979329,906,0.000,21.970,45.516,0.000,0,7.673
1781860877.001424,907,0.000,22.094,45.261,0.000,0,7.664
1781860877.023208,908,0.000,21.784,45.905,0.000,0,7.656
1781860877.044961,909,0.000,21.753,45.970,0.000,0,7.647
1781860877.066826,910,111.104,21.865,45.735,122.500,1,7.689
1781860877.088932,911,0.000,22.106,45.237,0.000,0,7.681
1781860877.110688,912,0.000,21.757,45.963,0.000,0,7.672
1781860877.132603,913,0.000,21.915,45.631,0.000,0,7.664
1781860877.154454,914,0.000,21.851,45.765,0.000,0,7.656
1781860877.176204,915,0.000,21.750,45.977,0.000,0,7.647
1781860877.198179,916,113.483,21.974,45.508,123.599,1,7.689
1781860877.220428,917,0.000,22.249,44.945,0.000,0,7.680
1781860877.242219,918,0.000,21.791,45.891,0.000,0,7.672
1781860877.264221,919,0.000,22.002,45.450,0.000,0,7.664
1781860877.286209,920,0.000,21.988,45.480,0.000,0,7.655
1781860877.307967,921,0.000,21.759,45.958,0.000,0,7.647
1781860877.329861,922,113.442,21.893,45.676,121.883,1,7.688
1781860877.351969,923,0.000,22.108,45.232,0.000,0,7.680
1781860877.373771,924,0.000,21.802,45.867,0.000,0,7.671
1781860877.395922,925,0.000,22.151,45.145,0.000,0,7.663
1781860877.417936,926,0.000,22.014,45.425,0.000,0,7.655
1781860877.439709,927,0.000,21.773,45.929,0.000,0,7.647
1781860877.461460,928,0.000,21.751,45.974,0.000,0,7.638
1781860877.483619,929,119.492,22.159,45.128,143.042,1,7.679
1781860877.505692,930,0.000,22.073,45.305,0.000,0,7.671
1781860877.527814,931,0.000,22.122,45.203,0.000,0,7.663
1781860877.549597,932,0.000,21.783,45.908,0.000,0,7.654
1781860877.571357,933,0.000,21.760,45.956,0.000,0,7.646
1781860877.593087,934,0.000,21.730,46.020,0.000,0,7.638
1781860877.615349,935,112.385,22.262,44.919,136.485,1,7.679
1781860877.637398,936,0.000,22.048,45.355,0.000,0,7.670
1781860877.659474,937,0.000,22.076,45.297,0.000,0,7.662
1781860877.681341,938,0.000,21.867,45.731,0.000,0,7.654
1781860877.703107,939,0.000,21.766,45.942,0.000,0,7.646
1781860877.724912,940,0.000,21.805,45.861,0.000,0,7.638
1781860877.747066,941,111.948,22.153,45.140,137.262,1,7.678
1781860877.768949,942,0.000,21.884,45.696,0.000,0,7.670
1781860877.790819,943,0.000,21.870,45.725,0.000,0,7.662
1781860877.812599,944,0.000,21.780,45.915,0.000,0,7.654
1781860877.834350,945,0.000,21.751,45.975,0.000,0,7.646
1781860877.856346,946,0.000,21.997,45.461,0.000,0,7.638
1781860877.878614,947,112.521,22.268,44.907,137.934,1,7.678
1781860877.900535,948,0.000,21.921,45.619,0.000,0,7.670
1781860877.922451,949,0.000,21.916,45.629,0.000,0,7.661
1781860877.944344,950,0.000,21.893,45.676,0.000,0,7.653
1781860877.966197,951,0.000,21.853,45.761,0.000,0,7.645
1781860877.988102,952,110.743,21.905,45.652,116.017,1,7.685
1781860878.009931,953,0.000,21.830,45.809,0.000,0,7.677
1781860878.031844,954,0.000,21.913,45.636,0.000,0,7.669
1781860878.053616,955,0.000,21.772,45.930,0.000,0,7.661
1781860878.075366,956,0.000,21.749,45.978,0.000,0,7.653
1781860878.097099,957,0.000,21.734,46.012,0.000,0,7.645
1781860878.118977,958,106.820,21.877,45.710,116.725,1,7.685
1781860878.140983,959,0.000,22.006,45.442,0.000,0,7.677
1781860878.162684,960,0.000,21.701,46.080,0.000,0,7.669
1781860878.184481,961,0.000,21.797,45.878,0.000,0,7.661
1781860878.206231,962,0.000,21.750,45.978,0.000,0,7.653
1781860878.227992,963,0.000,21.761,45.954,0.000,0,7.645
1781860878.249897,964,112.713,21.905,45.652,121.731,1,7.685
1781860878.271741,965,0.000,21.845,45.778,0.000,0,7.677
1781860878.293750,966,0.000,22.009,45.436,0.000,0,7.669
1781860878.315610,967,0.000,21.860,45.746,0.000,0,7.661
1781860878.337486,968,0.000,21.875,45.713,0.000,0,7.653
1781860878.359355,969,0.000,21.869,45.726,0.000,0,7.645
1781860878.381236,970,110.252,21.881,45.702,120.484,1,7.684
1781860878.403366,971,0.000,22.130,45.188,0.000,0,7.676
1781860878.425203,972,0.000,21.837,45.793,0.000,0,7.668
1781860878.447014,973,0.000,21.811,45.849,0.000,0,7.661
1781860878.468861,974,0.000,21.848,45.771,0.000,0,7.653
1781860878.490738,975,0.000,21.877,45.710,0.000,0,7.645
1781860878.512619,976,112.715,21.881,45.701,122.350,1,7.684
1781860878.534582,977,0.000,21.963,45.531,0.000,0,7.676
1781860878.556362,978,0.000,21.780,45.915,0.000,0,7.668
1781860878.578280,979,0.000,21.918,45.624,0.000,0,7.660
1781860878.600180,980,0.000,21.899,45.663,0.000,0,7.652
1781860878.621997,981,0.000,21.817,45.835,0.000,0,7.645
1781860878.643996,982,116.128,21.999,45.456,121.929,1,7.683
1781860878.666106,983,0.000,22.110,45.229,0.000,0,7.675
1781860878.687985,984,0.000,21.879,45.706,0.000,0,7.668
1781860878.710120,985,0.000,22.135,45.176,0.000,0,7.660
1781860878.732074,986,0.000,21.953,45.551,0.000,0,7.652
1781860878.754248,987,0.000,22.174,45.097,0.000,0,7.644
1781860878.776254,988,112.108,22.006,45.443,118.921,1,7.683
1781860878.798491,989,0.000,22.238,44.969,0.000,0,7.675
1781860878.820494,990,0.000,22.003,45.448,0.000,0,7.667
1781860878.842425,991,0.000,21.931,45.598,0.000,0,7.659
1781860878.865653,992,0.000,23.228,43.052,0.000,0,7.651
1781860878.887514,993,0.000,21.861,45.743,0.000,0,7.643
1781860878.909402,994,111.651,21.888,45.687,121.009,1,7.682
1781860878.931636,995,0.000,22.233,44.977,0.000,0,7.674
1781860878.954098,996,0.000,22.462,44.519,0.000,0,7.666
1781860878.976014,997,0.000,21.916,45.629,0.000,0,7.658
1781860878.997907,998,0.000,21.893,45.677,0.000,0,7.650
1781860879.019629,999,0.000,21.722,46.037,0.000,0,7.643
1781860879.041509,1000,112.450,21.880,45.704,122.160,1,7.681
1781860879.063857,1001,0.000,22.348,44.747,0.000,0,7.673
1781860879.086015,1002,0.000,22.159,45.129,0.000,0,7.665
1781860879.107914,1003,0.000,21.899,45.665,0.000,0,7.658
1781860879.129940,1004,0.000,22.026,45.402,0.000,0,7.650
1781860879.151851,1005,0.000,21.912,45.637,0.000,0,7.642
1781860879.173753,1006,112.194,21.902,45.658,122.790,1,7.680
1781860879.195852,1007,0.000,22.098,45.253,0.000,0,7.672
1781860879.217863,1008,0.000,22.011,45.431,0.000,0,7.665
1781860879.239626,1009,0.000,21.763,45.949,0.000,0,7.657
1781860879.261376,1010,0.000,21.749,45.978,0.000,0,7.650
1781860879.283148,1011,0.000,21.772,45.931,0.000,0,7.642
1781860879.305015,1012,111.943,21.868,45.730,122.684,1,7.680
1781860879.327133,1013,0.000,22.118,45.212,0.000,0,7.672
1781860879.348876,1014,0.000,21.743,45.993,0.000,0,7.665
1781860879.370631,1015,0.000,21.755,45.965,0.000,0,7.657
1781860879.392384,1016,0.000,21.753,45.972,0.000,0,7.650
1781860879.414130,1017,0.000,21.747,45.984,0.000,0,7.642
1781860879.436027,1018,111.142,21.897,45.669,123.051,1,7.680
1781860879.458143,1019,0.000,22.115,45.218,0.000,0,7.672
1781860879.480093,1020,0.000,21.950,45.557,0.000,0,7.664
1781860879.501893,1021,0.000,21.800,45.872,0.000,0,7.657
1781860879.523771,1022,0.000,21.878,45.708,0.000,0,7.649
1781860879.545512,1023,0.000,21.741,45.996,0.000,0,7.642
1781860879.567394,1024,112.766,21.882,45.699,123.806,1,7.679
1781860879.589513,1025,0.000,22.119,45.210,0.000,0,7.672
1781860879.611485,1026,0.000,21.972,45.513,0.000,0,7.664
1781860879.633227,1027,0.000,21.742,45.995,0.000,0,7.657
1781860879.655012,1028,0.000,21.785,45.903,0.000,0,7.649
1781860879.676762,1029,0.000,21.750,45.977,0.000,0,7.642
1781860879.698613,1030,112.686,21.851,45.764,123.236,1,7.679
1781860879.720410,1031,0.000,21.797,45.877,0.000,0,7.671
1781860879.742223,1032,0.000,21.813,45.844,0.000,0,7.664
1781860879.764013,1033,0.000,21.790,45.894,0.000,0,7.657
1781860879.785768,1034,0.000,21.755,45.966,0.000,0,7.649
1781860879.807643,1035,0.000,21.875,45.713,0.000,0,7.642
1781860879.829386,1036,0.000,21.743,45.993,0.000,0,7.634
1781860879.851520,1037,117.921,22.134,45.179,144.099,1,7.671
1781860879.873388,1038,0.000,21.868,45.728,0.000,0,7.664
1781860879.895338,1039,0.000,21.950,45.558,0.000,0,7.656
1781860879.917141,1040,0.000,21.803,45.865,0.000,0,7.649
1781860879.938893,1041,0.000,21.751,45.974,0.000,0,7.642
1781860879.960773,1042,110.174,21.880,45.703,116.017,1,7.678
1781860879.982919,1043,0.000,22.146,45.155,0.000,0,7.671
1781860880.004992,1044,0.000,22.074,45.303,0.000,0,7.663
1781860880.027007,1045,0.000,22.014,45.425,0.000,0,7.656
1781860880.048778,1046,0.000,21.771,45.932,0.000,0,7.649
1781860880.070519,1047,0.000,21.741,45.996,0.000,0,7.641
1781860880.092397,1048,110.503,21.878,45.708,118.278,1,7.678
1781860880.114386,1049,0.000,21.989,45.477,0.000,0,7.670
1781860880.136415,1050,0.000,22.029,45.395,0.000,0,7.663
1781860880.158261,1051,0.000,21.846,45.776,0.000,0,7.656
1781860880.180024,1052,0.000,21.763,45.949,0.000,0,7.649
1781860880.201779,1053,0.000,21.755,45.966,0.000,0,7.641
1781860880.223779,1054,111.400,22.000,45.455,120.034,1,7.677
1781860880.245906,1055,0.000,22.127,45.193,0.000,0,7.670
1781860880.268117,1056,0.000,22.211,45.022,0.000,0,7.663
1781860880.290164,1057,0.000,22.046,45.359,0.000,0,7.655
1781860880.312029,1058,0.000,21.865,45.735,0.000,0,7.648
1781860880.333921,1059,0.000,21.893,45.677,0.000,0,7.641
1781860880.355903,1060,110.357,21.981,45.493,120.955,1,7.677
1781860880.378037,1061,0.000,22.134,45.179,0.000,0,7.669
1781860880.400262,1062,0.000,22.225,44.994,0.000,0,7.662
1781860880.422355,1063,0.000,22.093,45.263,0.000,0,7.655
1781860880.444185,1064,0.000,21.830,45.809,0.000,0,7.648
1781860880.466043,1065,0.000,21.858,45.750,0.000,0,7.640
1781860880.487910,1066,116.782,21.867,45.732,123.729,1,7.676
1781860880.509914,1067,0.000,22.004,45.446,0.000,0,7.669
1781860880.531932,1068,0.000,22.018,45.417,0.000,0,7.662
1781860880.553914,1069,0.000,21.982,45.492,0.000,0,7.655
1781860880.575671,1070,0.000,21.757,45.962,0.000,0,7.647
1781860880.597419,1071,0.000,21.748,45.981,0.000,0,7.640
1781860880.619417,1072,111.136,21.998,45.458,119.015,1,7.676
1781860880.641595,1073,0.000,22.178,45.089,0.000,0,7.669
1781860880.663768,1074,0.000,22.173,45.100,0.000,0,7.661
1781860880.685790,1075,0.000,22.022,45.409,0.000,0,7.654
1781860880.707673,1076,0.000,21.882,45.699,0.000,0,7.647
1781860880.729416,1077,0.000,21.744,45.991,0.000,0,7.640
1781860880.751392,1078,110.560,21.976,45.505,121.670,1,7.675
1781860880.773522,1079,0.000,22.130,45.187,0.000,0,7.668
1781860880.795288,1080,0.000,21.766,45.943,0.000,0,7.661
1781860880.817169,1081,0.000,21.881,45.701,0.000,0,7.654
1781860880.838940,1082,0.000,21.770,45.934,0.000,0,7.647
1781860880.860790,1083,0.000,21.850,45.767,0.000,0,7.640
1781860880.882668,1084,111.961,21.878,45.708,122.933,1,7.675
1781860880.904772,1085,0.000,22.105,45.240,0.000,0,7.668
1781860880.926924,1086,0.000,22.152,45.142,0.000,0,7.661
1781860880.948811,1087,0.000,21.887,45.689,0.000,0,7.654
1781860880.970544,1088,0.000,21.732,46.014,0.000,0,7.647
1781860880.992299,1089,0.000,21.755,45.966,0.000,0,7.640
1781860881.014333,1090,114.303,22.034,45.384,124.049,1,7.674
1781860881.036414,1091,0.000,22.081,45.289,0.000,0,7.667
1781860881.058400,1092,0.000,21.986,45.482,0.000,0,7.660
1781860881.080293,1093,0.000,21.893,45.677,0.000,0,7.653
1781860881.102152,1094,0.000,21.859,45.748,0.000,0,7.646
1781860881.123915,1095,0.000,21.763,45.949,0.000,0,7.639
1781860881.145795,1096,109.595,21.880,45.705,120.867,1,7.674
1781860881.167927,1097,0.000,22.131,45.185,0.000,0,7.667
1781860881.190064,1098,0.000,22.138,45.172,0.000,0,7.660
1781860881.211878,1099,0.000,21.813,45.843,0.000,0,7.653
1781860881.233684,1100,0.000,21.806,45.858,0.000,0,7.646
1781860881.255421,1101,0.000,21.737,46.005,0.000,0,7.639
1781860881.277436,1102,112.493,22.015,45.423,124.589,1,7.674
1781860881.299537,1103,0.000,22.101,45.247,0.000,0,7.667
1781860881.321297,1104,0.000,21.760,45.955,0.000,0,7.660
1781860881.343434,1105,0.000,22.137,45.173,0.000,0,7.653
1781860881.365282,1106,0.000,21.847,45.772,0.000,0,7.646
1781860881.387173,1107,0.000,21.892,45.679,0.000,0,7.639
1781860881.409310,1108,112.384,22.136,45.175,124.917,1,7.673
1781860881.431138,1109,0.000,21.828,45.812,0.000,0,7.666
1781860881.453055,1110,0.000,21.917,45.627,0.000,0,7.659
1781860881.474897,1111,0.000,21.842,45.783,0.000,0,7.652
1781860881.496529,1112,0.000,21.632,46.227,0.000,0,7.646
1781860881.518472,1113,0.000,21.943,45.573,0.000,0,7.639
1781860881.540426,1114,112.212,21.954,45.550,124.374,1,7.673
1781860881.562438,1115,0.000,22.013,45.428,0.000,0,7.666
1781860881.584279,1116,0.000,21.840,45.787,0.000,0,7.659
1781860881.606307,1117,0.000,22.028,45.397,0.000,0,7.652
1781860881.627999,1118,0.000,21.693,46.099,0.000,0,7.645
1781860881.649832,1119,0.000,21.833,45.802,0.000,0,7.639
1781860881.671680,1120,116.441,21.848,45.771,124.213,1,7.673
1781860881.693551,1121,0.000,21.871,45.722,0.000,0,7.666
1781860881.715697,1122,0.000,22.146,45.155,0.000,0,7.659
1781860881.737581,1123,0.000,21.884,45.695,0.000,0,7.652
1781860881.759431,1124,0.000,21.850,45.767,0.000,0,7.645
1781860881.781192,1125,0.000,21.761,45.954,0.000,0,7.639
1781860881.803065,1126,110.643,21.872,45.720,120.122,1,7.672
1781860881.825193,1127,0.000,22.128,45.191,0.000,0,7.665
1781860881.847479,1128,0.000,22.286,44.870,0.000,0,7.659
1781860881.869462,1129,0.000,21.983,45.489,0.000,0,7.652
1781860881.891239,1130,0.000,21.777,45.920,0.000,0,7.645
1781860881.913065,1131,0.000,21.826,45.817,0.000,0,7.638
1781860881.935695,1132,110.719,22.630,44.189,122.701,1,7.672
1781860881.957851,1133,0.000,22.156,45.135,0.000,0,7.665
1781860881.979665,1134,0.000,21.814,45.843,0.000,0,7.658
1781860882.001427,1135,0.000,21.762,45.952,0.000,0,7.651
1781860882.023155,1136,0.000,21.729,46.022,0.000,0,7.645
1781860882.044810,1137,0.000,21.655,46.179,0.000,0,7.638
1781860882.066709,1138,111.873,21.898,45.666,123.770,1,7.671
1781860882.088829,1139,0.000,22.120,45.208,0.000,0,7.665
1781860882.110699,1140,0.000,21.871,45.723,0.000,0,7.658
1781860882.132710,1141,0.000,22.011,45.432,0.000,0,7.651
1781860882.154548,1142,0.000,21.838,45.792,0.000,0,7.644
1781860882.176457,1143,0.000,21.909,45.643,0.000,0,7.638
1781860882.198361,1144,110.981,21.904,45.655,121.887,1,7.671
1781860882.221110,1145,0.000,22.749,43.958,0.000,0,7.664
1781860882.243399,1146,0.000,22.289,44.865,0.000,0,7.657
1781860882.265552,1147,0.000,22.153,45.141,0.000,0,7.650
1781860882.287570,1148,0.000,22.019,45.416,0.000,0,7.644
1781860882.309445,1149,0.000,21.875,45.715,0.000,0,7.637
1781860882.331445,1150,112.331,22.000,45.454,124.233,1,7.670
1781860882.353542,1151,0.000,22.096,45.256,0.000,0,7.663
1781860882.375559,1152,0.000,22.017,45.419,0.000,0,7.657
1781860882.397319,1153,0.000,21.760,45.956,0.000,0,7.650
1781860882.419011,1154,0.000,21.693,46.099,0.000,0,7.644
1781860882.440696,1155,0.000,21.685,46.115,0.000,0,7.637
1781860882.462572,1156,110.338,21.876,45.713,123.812,1,7.670
1781860882.484671,1157,0.000,22.099,45.251,0.000,0,7.663
1781860882.506675,1158,0.000,22.004,45.446,0.000,0,7.657
1781860882.528579,1159,0.000,21.904,45.654,0.000,0,7.650
1781860882.550451,1160,0.000,21.872,45.720,0.000,0,7.643
1781860882.572207,1161,0.000,21.756,45.963,0.000,0,7.637
1781860882.594102,1162,111.787,21.894,45.674,125.663,1,7.670
1781860882.616214,1163,0.000,22.112,45.225,0.000,0,7.663
1781860882.638345,1164,0.000,22.131,45.185,0.000,0,7.656
1781860882.660233,1165,0.000,21.888,45.688,0.000,0,7.650
1781860882.681975,1166,0.000,21.743,45.993,0.000,0,7.643
1781860882.703702,1167,0.000,21.727,46.026,0.000,0,7.637
1781860882.725592,1168,112.870,21.890,45.683,125.701,1,7.669
1781860882.747703,1169,0.000,22.111,45.227,0.000,0,7.663
1781860882.769617,1170,0.000,21.914,45.632,0.000,0,7.656
1781860882.791453,1171,0.000,21.836,45.796,0.000,0,7.650
1781860882.813221,1172,0.000,21.768,45.939,0.000,0,7.643
1781860882.834910,1173,0.000,21.690,46.105,0.000,0,7.637
1781860882.856703,1174,117.585,21.793,45.887,0.000,0,7.669
1781860882.878712,1175,0.000,22.010,45.435,0.000,0,7.662
1781860882.900818,1176,0.000,22.105,45.238,0.000,0,7.656
1781860882.922811,1177,0.000,21.993,45.468,0.000,0,7.649
1781860882.944511,1178,0.000,21.700,46.082,0.000,0,7.643
1781860882.966364,1179,0.000,21.852,45.762,0.000,0,7.636
1781860882.988334,1180,110.717,21.971,45.516,119.822,1,7.669
1781860883.010440,1181,0.000,22.106,45.237,0.000,0,7.662
1781860883.032396,1182,0.000,21.956,45.545,0.000,0,7.656
1781860883.054359,1183,0.000,21.963,45.531,0.000,0,7.649
1781860883.076086,1184,0.000,21.726,46.028,0.000,0,7.643
1781860883.097770,1185,0.000,21.684,46.116,0.000,0,7.636
1781860883.119719,1186,111.099,21.949,45.560,120.438,1,7.668
1781860883.141880,1187,0.000,22.161,45.125,0.000,0,7.662
1781860883.164479,1188,0.000,22.600,44.248,0.000,0,7.655
1781860883.186477,1189,0.000,21.997,45.460,0.000,0,7.649
1781860883.208245,1190,0.000,21.768,45.938,0.000,0,7.642
1781860883.230195,1191,0.000,21.950,45.559,0.000,0,7.636
1781860883.251979,1192,110.085,21.784,45.905,0.000,0,7.668
1781860883.274112,1193,0.000,22.132,45.183,0.000,0,7.661
1781860883.296228,1194,0.000,22.116,45.215,0.000,0,7.655
1781860883.318194,1195,0.000,21.966,45.524,0.000,0,7.648
1781860883.339968,1196,0.000,21.774,45.926,0.000,0,7.642
1781860883.361663,1197,0.000,21.694,46.095,0.000,0,7.636
1781860883.383471,1198,112.638,21.808,45.855,0.000,0,7.668
1781860883.405333,1199,0.000,21.862,45.741,0.000,0,7.661
1781860883.427394,1200,0.000,22.061,45.330,0.000,0,7.655
1781860883.449260,1201,0.000,21.866,45.732,0.000,0,7.648
1781860883.471052,1202,0.000,21.792,45.889,0.000,0,7.642
1781860883.492851,1203,0.000,21.800,45.872,0.000,0,7.636
1781860883.514725,1204,111.653,21.874,45.717,0.000,0,7.667
1781860883.536694,1205,0.000,21.969,45.518,0.000,0,7.661
1781860883.558450,1206,0.000,21.755,45.965,0.000,0,7.655
1781860883.580251,1207,0.000,21.801,45.869,0.000,0,7.648
1781860883.602110,1208,0.000,21.859,45.747,0.000,0,7.642
1781860883.623832,1209,0.000,21.722,46.036,0.000,0,7.636
1781860883.645801,1210,110.408,21.969,45.520,127.548,1,7.667
1781860883.667640,1211,0.000,21.839,45.790,0.000,0,7.661
1781860883.689500,1212,0.000,21.860,45.745,0.000,0,7.654
1781860883.711236,1213,0.000,21.736,46.007,0.000,0,7.648
1781860883.732989,1214,0.000,21.753,45.972,0.000,0,7.642
1781860883.754730,1215,0.000,21.741,45.996,0.000,0,7.636
1781860883.776636,1216,113.312,21.906,45.650,128.700,1,7.667
1781860883.798558,1217,0.000,21.923,45.615,0.000,0,7.661
1781860883.820715,1218,0.000,22.156,45.134,0.000,0,7.654
1781860883.843214,1219,0.000,22.499,44.446,0.000,0,7.648
1781860883.865210,1220,0.000,21.996,45.463,0.000,0,7.642
1781860883.886964,1221,0.000,21.754,45.968,0.000,0,7.635
1781860883.908869,1222,112.380,21.905,45.652,127.747,1,7.666
1781860883.931129,1223,0.000,22.260,44.924,0.000,0,7.660
1781860883.953244,1224,0.000,22.115,45.218,0.000,0,7.654
1781860883.975126,1225,0.000,21.882,45.701,0.000,0,7.648
1781860883.997155,1226,0.000,22.029,45.394,0.000,0,7.641
1781860884.019464,1227,0.000,22.309,44.824,0.000,0,7.635
1781860884.041366,1228,117.918,21.902,45.658,127.510,1,7.666
1781860884.063594,1229,0.000,22.228,44.988,0.000,0,7.660
1781860884.085738,1230,0.000,22.144,45.159,0.000,0,7.653
1781860884.107771,1231,0.000,22.033,45.387,0.000,0,7.647
1781860884.129619,1232,0.000,21.848,45.771,0.000,0,7.641
1781860884.151465,1233,0.000,21.847,45.774,0.000,0,7.635
1781860884.173371,1234,110.511,21.906,45.649,121.608,1,7.665
1781860884.195597,1235,0.000,22.226,44.993,0.000,0,7.659
1781860884.217622,1236,0.000,22.025,45.403,0.000,0,7.653
1781860884.239586,1237,0.000,21.964,45.529,0.000,0,7.647
1781860884.261338,1238,0.000,21.752,45.974,0.000,0,7.641
1781860884.283123,1239,0.000,21.785,45.903,0.000,0,7.634
1781860884.305007,1240,111.617,21.884,45.695,123.030,1,7.665
1781860884.327129,1241,0.000,22.122,45.204,0.000,0,7.659
1781860884.349113,1242,0.000,21.984,45.488,0.000,0,7.653
1781860884.370987,1243,0.000,21.874,45.717,0.000,0,7.647
1781860884.392740,1244,0.000,21.754,45.970,0.000,0,7.640
1781860884.414432,1245,0.000,21.692,46.100,0.000,0,7.634
1781860884.436238,1246,112.244,21.806,45.858,123.526,1,7.665
1781860884.458416,1247,0.000,22.178,45.090,0.000,0,7.659
1781860884.480383,1248,0.000,21.967,45.523,0.000,0,7.653
1781860884.502343,1249,0.000,21.960,45.537,0.000,0,7.646
1781860884.524154,1250,0.000,21.811,45.847,0.000,0,7.640
1781860884.545995,1251,0.000,21.840,45.787,0.000,0,7.634
1781860884.567849,1252,112.306,21.854,45.757,123.138,1,7.665
1781860884.589598,1253,0.000,21.749,45.979,0.000,0,7.658
1781860884.611391,1254,0.000,21.793,45.886,0.000,0,7.652
1781860884.633376,1255,0.000,21.985,45.485,0.000,0,7.646
1781860884.655250,1256,0.000,21.873,45.717,0.000,0,7.640
1781860884.676954,1257,0.000,21.704,46.074,0.000,0,7.634
1781860884.698891,1258,116.509,21.937,45.585,122.319,1,7.664
1781860884.720849,1259,0.000,21.958,45.542,0.000,0,7.658
1781860884.742886,1260,0.000,22.038,45.377,0.000,0,7.652
1781860884.764748,1261,0.000,21.862,45.741,0.000,0,7.646
1781860884.786499,1262,0.000,21.750,45.977,0.000,0,7.640
1781860884.808257,1263,0.000,21.758,45.960,0.000,0,7.634
1781860884.830157,1264,106.114,21.900,45.661,117.125,1,7.664
1781860884.852263,1265,0.000,22.106,45.237,0.000,0,7.658
1781860884.874003,1266,0.000,21.740,45.998,0.000,0,7.652
1781860884.895972,1267,0.000,21.969,45.519,0.000,0,7.646
1781860884.917767,1268,0.000,21.795,45.883,0.000,0,7.640
1781860884.939572,1269,0.000,21.805,45.861,0.000,0,7.634
1781860884.961512,1270,112.325,21.940,45.579,122.873,1,7.664
1781860884.983539,1271,0.000,22.027,45.398,0.000,0,7.658
1781860885.005360,1272,0.000,21.821,45.827,0.000,0,7.652
1781860885.027385,1273,0.000,22.025,45.404,0.000,0,7.646
1781860885.049260,1274,0.000,21.876,45.713,0.000,0,7.640
1781860885.071014,1275,0.000,21.753,45.970,0.000,0,7.634
1781860885.092869,1276,110.949,21.855,45.755,122.332,1,7.664
1781860885.115024,1277,0.000,22.155,45.137,0.000,0,7.658
1781860885.137018,1278,0.000,21.994,45.467,0.000,0,7.652
1781860885.159110,1279,0.000,22.092,45.265,0.000,0,7.646
1781860885.180883,1280,0.000,21.773,45.929,0.000,0,7.640
1781860885.202878,1281,0.000,21.995,45.466,0.000,0,7.634
1781860885.224892,1282,114.943,22.015,45.424,123.898,1,7.663
1781860885.247017,1283,0.000,22.125,45.198,0.000,0,7.657
1781860885.269127,1284,0.000,22.110,45.229,0.000,0,7.651
1781860885.291119,1285,0.000,21.992,45.470,0.000,0,7.645
1781860885.313010,1286,0.000,21.891,45.680,0.000,0,7.639
1781860885.334761,1287,0.000,21.751,45.975,0.000,0,7.633
1781860885.356607,1288,109.279,21.845,45.776,120.786,1,7.663
1781860885.378772,1289,0.000,22.166,45.115,0.000,0,7.657
1781860885.400513,1290,0.000,21.740,45.997,0.000,0,7.651
1781860885.422487,1291,0.000,21.975,45.507,0.000,0,7.645
1781860885.444266,1292,0.000,21.779,45.916,0.000,0,7.639
1781860885.466017,1293,0.000,21.751,45.975,0.000,0,7.633
1781860885.487900,1294,111.925,21.883,45.698,123.451,1,7.663
1781860885.509799,1295,0.000,21.899,45.665,0.000,0,7.657
1781860885.531700,1296,0.000,21.901,45.660,0.000,0,7.651
1781860885.553523,1297,0.000,21.823,45.823,0.000,0,7.645
1781860885.575291,1298,0.000,21.769,45.938,0.000,0,7.639
1781860885.597018,1299,0.000,21.727,46.027,0.000,0,7.633
1781860885.618830,1300,111.955,21.812,45.847,122.964,1,7.663
1781860885.640518,1301,0.000,21.689,46.107,0.000,0,7.657
1781860885.662269,1302,0.000,21.751,45.975,0.000,0,7.651
1781860885.684028,1303,0.000,21.759,45.958,0.000,0,7.645
1781860885.705774,1304,0.000,21.745,45.987,0.000,0,7.639
1781860885.727518,1305,0.000,21.744,45.990,0.000,0,7.633
1781860885.749402,1306,111.572,21.884,45.695,121.507,1,7.663
1781860885.771470,1307,0.000,22.068,45.315,0.000,0,7.657
1781860885.793549,1308,0.000,22.079,45.292,0.000,0,7.651
1781860885.815540,1309,0.000,21.991,45.474,0.000,0,7.645
1781860885.837456,1310,0.000,21.917,45.627,0.000,0,7.639
1781860885.859407,1311,0.000,21.951,45.557,0.000,0,7.633
1781860885.881289,1312,115.703,21.882,45.699,121.452,1,7.662
1781860885.903133,1313,0.000,21.843,45.780,0.000,0,7.656
1781860885.925131,1314,0.000,21.998,45.459,0.000,0,7.651
1781860885.947033,1315,0.000,21.902,45.658,0.000,0,7.645
1781860885.968775,1316,0.000,21.742,45.995,0.000,0,7.639
1781860885.990524,1317,0.000,21.749,45.978,0.000,0,7.633
1781860886.012296,1318,107.909,21.772,45.931,0.000,0,7.662
1781860886.035532,1319,0.000,23.236,43.037,0.000,0,7.656
1781860886.057633,1320,0.000,22.101,45.246,0.000,0,7.650
1781860886.079528,1321,0.000,21.894,45.674,0.000,0,7.644
1781860886.101298,1322,0.000,21.770,45.934,0.000,0,7.639
1781860886.123025,1323,0.000,21.727,46.026,0.000,0,7.633
1781860886.144880,1324,111.090,21.855,45.756,0.000,0,7.662
1781860886.166915,1325,0.000,22.034,45.384,0.000,0,7.656
1781860886.188730,1326,0.000,21.815,45.840,0.000,0,7.650
1781860886.210558,1327,0.000,21.828,45.812,0.000,0,7.644
1781860886.232289,1328,0.000,21.731,46.016,0.000,0,7.639
1781860886.254064,1329,0.000,21.774,45.926,0.000,0,7.633
1781860886.275913,1330,110.597,21.850,45.767,0.000,0,7.661
1781860886.297864,1331,0.000,21.950,45.557,0.000,0,7.656
1781860886.319927,1332,0.000,22.063,45.325,0.000,0,7.650
1781860886.341848,1333,0.000,21.921,45.618,0.000,0,7.644
1781860886.363657,1334,0.000,21.810,45.851,0.000,0,7.638
1781860886.385532,1335,0.000,21.875,45.715,0.000,0,7.633
1781860886.407330,1336,111.951,21.798,45.876,0.000,0,7.661
1781860886.429158,1337,0.000,21.828,45.812,0.000,0,7.655
1781860886.451007,1338,0.000,21.848,45.770,0.000,0,7.650
1781860886.472786,1339,0.000,21.780,45.914,0.000,0,7.644
1781860886.494555,1340,0.000,21.769,45.938,0.000,0,7.638
1781860886.516294,1341,0.000,21.739,46.000,0.000,0,7.633
1781860886.538166,1342,111.891,21.871,45.722,0.000,0,7.661
1781860886.559864,1343,0.000,21.698,46.087,0.000,0,7.655
1781860886.581884,1344,0.000,22.020,45.413,0.000,0,7.650
1781860886.603816,1345,0.000,21.932,45.595,0.000,0,7.644
1781860886.625696,1346,0.000,21.880,45.704,0.000,0,7.638
1781860886.647416,1347,0.000,21.720,46.040,0.000,0,7.633
1781860886.669292,1348,111.582,21.876,45.713,0.000,0,7.661
1781860886.691303,1349,0.000,22.012,45.431,0.000,0,7.655
1781860886.713002,1350,0.000,21.699,46.085,0.000,0,7.650
1781860886.734792,1351,0.000,21.790,45.894,0.000,0,7.644
1781860886.756515,1352,0.000,21.723,46.034,0.000,0,7.638
1781860886.778394,1353,0.000,21.878,45.708,0.000,0,7.633
1781860886.800175,1354,112.750,21.782,45.910,0.000,0,7.661
1781860886.822081,1355,0.000,21.906,45.650,0.000,0,7.655
1781860886.843910,1356,0.000,21.829,45.811,0.000,0,7.650
1781860886.865879,1357,0.000,21.968,45.520,0.000,0,7.644
1781860886.887668,1358,0.000,21.789,45.894,0.000,0,7.638
1781860886.909418,1359,0.000,21.750,45.977,0.000,0,7.633
1781860886.931299,1360,113.132,21.881,45.702,0.000,0,7.661
1781860886.953403,1361,0.000,22.104,45.241,0.000,0,7.655
1781860886.975109,1362,0.000,21.706,46.069,0.000,0,7.649
1781860886.997019,1363,0.000,21.909,45.642,0.000,0,7.644
1781860887.019022,1364,0.000,22.003,45.448,0.000,0,7.638
1781860887.040800,1365,0.000,21.778,45.918,0.000,0,7.633
1781860887.062703,1366,116.755,21.903,45.656,0.000,0,7.660
1781860887.084806,1367,0.000,22.103,45.242,0.000,0,7.655
1781860887.106527,1368,0.000,21.720,46.040,0.000,0,7.649
1781860887.128393,1369,0.000,21.866,45.733,0.000,0,7.644
1781860887.150294,1370,0.000,21.902,45.659,0.000,0,7.638
1781860887.171908,1371,0.000,21.614,46.267,0.000,0,7.633
1781860887.193917,1372,109.921,22.008,45.437,0.000,0,7.660
1781860887.216063,1373,0.000,22.147,45.153,0.000,0,7.655
1781860887.238539,1374,0.000,22.476,44.492,0.000,0,7.649
1781860887.260313,1375,0.000,21.774,45.926,0.000,0,7.643
1781860887.282205,1376,0.000,21.891,45.680,0.000,0,7.638
1781860887.304013,1377,0.000,21.809,45.853,0.000,0,7.632
1781860887.325942,1378,0.000,21.928,45.603,0.000,0,7.627
1781860887.347924,1379,117.091,21.982,45.491,0.000,0,7.654
1781860887.369697,1380,0.000,21.773,45.929,0.000,0,7.649
1781860887.391544,1381,0.000,21.847,45.772,0.000,0,7.643
1781860887.413531,1382,0.000,21.986,45.482,0.000,0,7.638
1781860887.435433,1383,0.000,21.902,45.657,0.000,0,7.632
1781860887.457320,1384,105.976,21.887,45.690,0.000,0,7.660
1781860887.479447,1385,0.000,22.127,45.193,0.000,0,7.654
1781860887.501484,1386,0.000,22.037,45.378,0.000,0,7.649
1781860887.523408,1387,0.000,21.924,45.611,0.000,0,7.643
1781860887.545412,1388,0.000,22.003,45.447,0.000,0,7.638
1781860887.567413,1389,0.000,22.001,45.452,0.000,0,7.632
1781860887.589313,1390,110.906,21.900,45.663,0.000,0,7.659
1781860887.611409,1391,0.000,22.096,45.257,0.000,0,7.654
1781860887.633466,1392,0.000,22.057,45.337,0.000,0,7.648
1781860887.655384,1393,0.000,21.918,45.624,0.000,0,7.643
1781860887.677202,1394,0.000,21.818,45.834,0.000,0,7.637
1781860887.698941,1395,0.000,21.740,45.999,0.000,0,7.632
1781860887.720820,1396,112.108,21.879,45.706,0.000,0,7.659
1781860887.742791,1397,0.000,21.970,45.516,0.000,0,7.654
1781860887.764523,1398,0.000,21.732,46.015,0.000,0,7.648
1781860887.786444,1399,0.000,21.922,45.617,0.000,0,7.643
1781860887.808197,1400,0.000,21.752,45.973,0.000,0,7.637
1781860887.830037,1401,0.000,21.841,45.786,0.000,0,7.632
1781860887.851954,1402,111.517,21.916,45.628,123.592,1,7.659
1781860887.873848,1403,0.000,21.894,45.674,0.000,0,7.654
1781860887.895549,1404,0.000,21.701,46.080,0.000,0,7.648
1781860887.917350,1405,0.000,21.801,45.870,0.000,0,7.643
1781860887.939172,1406,0.000,21.822,45.826,0.000,0,7.637
1781860887.960944,1407,0.000,21.773,45.929,0.000,0,7.632
1781860887.982827,1408,111.335,21.883,45.699,0.000,0,7.659
1781860888.004736,1409,0.000,21.909,45.644,0.000,0,7.653
1781860888.026676,1410,0.000,21.941,45.577,0.000,0,7.648
1781860888.048574,1411,0.000,21.898,45.667,0.000,0,7.643
1781860888.070336,1412,0.000,21.762,45.952,0.000,0,7.637
1781860888.092200,1413,0.000,21.864,45.736,0.000,0,7.632
1781860888.114084,1414,111.528,21.883,45.697,0.000,0,7.659
1781860888.136215,1415,0.000,22.131,45.185,0.000,0,7.653
1781860888.158210,1416,0.000,21.995,45.465,0.000,0,7.648
1781860888.180092,1417,0.000,21.882,45.700,0.000,0,7.642
1781860888.201852,1418,0.000,21.760,45.956,0.000,0,7.637
1781860888.223738,1419,0.000,21.886,45.691,0.000,0,7.632
1781860888.245616,1420,116.466,21.878,45.708,0.000,0,7.659
1781860888.267712,1421,0.000,22.096,45.257,0.000,0,7.653
1781860888.290236,1422,0.000,22.524,44.397,0.000,0,7.648
1781860888.312109,1423,0.000,21.872,45.720,0.000,0,7.642
1781860888.333790,1424,0.000,21.682,46.122,0.000,0,7.637
1781860888.355598,1425,0.000,21.808,45.855,0.000,0,7.632
1781860888.377451,1426,110.100,21.853,45.761,0.000,0,7.658
1781860888.399557,1427,0.000,22.106,45.236,0.000,0,7.653
1781860888.421390,1428,0.000,21.833,45.801,0.000,0,7.647
1781860888.443220,1429,0.000,21.830,45.808,0.000,0,7.642
1781860888.464957,1430,0.000,21.737,46.004,0.000,0,7.637
1781860888.486721,1431,0.000,21.764,45.948,0.000,0,7.631
1781860888.508713,1432,110.956,21.992,45.471,122.636,1,7.658
1781860888.530846,1433,0.000,22.132,45.183,0.000,0,7.653
1781860888.552858,1434,0.000,22.012,45.429,0.000,0,7.647
1781860888.574728,1435,0.000,21.870,45.725,0.000,0,7.642
1781860888.596503,1436,0.000,21.775,45.924,0.000,0,7.637
1781860888.618338,1437,0.000,21.835,45.798,0.000,0,7.631
1781860888.640217,1438,109.371,21.880,45.705,123.279,1,7.658
1781860888.662408,1439,0.000,22.191,45.064,0.000,0,7.652
1781860888.684495,1440,0.000,22.087,45.275,0.000,0,7.647
1781860888.706432,1441,0.000,21.936,45.586,0.000,0,7.642
1781860888.728346,1442,0.000,21.915,45.631,0.000,0,7.636
1781860888.750109,1443,0.000,21.762,45.951,0.000,0,7.631
1781860888.771974,1444,111.656,21.866,45.734,126.033,1,7.658
1781860888.794090,1445,0.000,22.115,45.217,0.000,0,7.652
1781860888.816222,1446,0.000,22.132,45.183,0.000,0,7.647
1781860888.838070,1447,0.000,21.847,45.772,0.000,0,7.642
1781860888.859866,1448,0.000,21.796,45.880,0.000,0,7.636
1781860888.882093,1449,0.000,22.227,44.990,0.000,0,7.631
1781860888.904044,1450,116.759,21.951,45.555,126.909,1,7.657
1781860888.926479,1451,0.000,22.434,44.574,0.000,0,7.652
1781860888.948573,1452,0.000,22.094,45.262,0.000,0,7.646
1781860888.970767,1453,0.000,22.195,45.056,0.000,0,7.641
1781860888.992690,1454,0.000,21.922,45.616,0.000,0,7.636
1781860889.014652,1455,0.000,21.963,45.531,0.000,0,7.631
1781860889.036765,1456,111.032,22.112,45.224,122.930,1,7.657
1781860889.058976,1457,0.000,22.211,45.023,0.000,0,7.651
1781860889.080726,1458,0.000,21.751,45.976,0.000,0,7.646
1781860889.104248,1459,0.000,23.522,42.514,0.000,0,7.640
1781860889.126330,1460,0.000,22.082,45.287,0.000,0,7.635
1781860889.148109,1461,0.000,21.779,45.916,0.000,0,7.630
1781860889.170207,1462,110.180,22.098,45.253,124.841,1,7.656
1781860889.192305,1463,0.000,22.098,45.253,0.000,0,7.651
1781860889.214361,1464,0.000,22.056,45.339,0.000,0,7.645
1781860889.236198,1465,0.000,21.837,45.793,0.000,0,7.640
1781860889.258079,1466,0.000,21.881,45.702,0.000,0,7.635
1781860889.279860,1467,0.000,21.781,45.912,0.000,0,7.630
1781860889.301736,1468,111.805,21.876,45.713,127.028,1,7.656
1781860889.324501,1469,0.000,22.765,43.927,0.000,0,7.650
1781860889.346442,1470,0.000,21.942,45.575,0.000,0,7.645
1781860889.368236,1471,0.000,21.793,45.886,0.000,0,7.640
1781860889.390079,1472,0.000,21.843,45.782,0.000,0,7.635
1781860889.412266,1473,0.000,22.187,45.071,0.000,0,7.630
1781860889.434332,1474,116.682,22.066,45.318,128.612,1,7.655
1781860889.456269,1475,0.000,21.937,45.585,0.000,0,7.650
1781860889.478344,1476,0.000,22.075,45.299,0.000,0,7.645
1781860889.500094,1477,0.000,21.749,45.979,0.000,0,7.640
1781860889.521879,1478,0.000,21.785,45.903,0.000,0,7.635
1781860889.543611,1479,0.000,21.732,46.015,0.000,0,7.629
1781860889.565491,1480,112.451,21.881,45.703,123.796,1,7.655
1781860889.587611,1481,0.000,22.120,45.208,0.000,0,7.650
1781860889.609605,1482,0.000,21.994,45.466,0.000,0,7.645
1781860889.631482,1483,0.000,21.877,45.711,0.000,0,7.640
1781860889.653205,1484,0.000,21.723,46.035,0.000,0,7.634
1781860889.674983,1485,0.000,21.779,45.917,0.000,0,7.629
1781860889.696865,1486,112.097,21.881,45.701,123.236,1,7.655
1781860889.718789,1487,0.000,21.924,45.612,0.000,0,7.650
1781860889.740640,1488,0.000,21.851,45.764,0.000,0,7.645
1781860889.762504,1489,0.000,21.864,45.737,0.000,0,7.640
1781860889.784236,1490,0.000,21.732,46.015,0.000,0,7.634
1781860889.805987,1491,0.000,21.751,45.975,0.000,0,7.629
1781860889.827864,1492,111.716,21.877,45.710,122.849,1,7.655
1781860889.849738,1493,0.000,21.874,45.716,0.000,0,7.650
1781860889.871493,1494,0.000,21.755,45.966,0.000,0,7.645
1781860889.893237,1495,0.000,21.744,45.990,0.000,0,7.640
1781860889.914947,1496,0.000,21.710,46.062,0.000,0,7.635
1781860889.936743,1497,0.000,21.796,45.880,0.000,0,7.629
1781860889.958615,1498,111.960,21.873,45.719,122.520,1,7.655
1781860889.980715,1499,0.000,22.099,45.250,0.000,0,7.650
1781860890.002715,1500,0.000,22.001,45.453,0.000,0,7.645
1781860890.024616,1501,0.000,21.901,45.661,0.000,0,7.640
1781860890.046501,1502,0.000,21.885,45.694,0.000,0,7.634
1781860890.068242,1503,0.000,21.741,45.995,0.000,0,7.629
1781860890.089996,1504,0.000,21.754,45.969,0.000,0,7.624
1781860890.111976,1505,117.873,21.980,45.497,144.826,1,7.650
1781860890.134001,1506,0.000,22.025,45.403,0.000,0,7.644
1781860890.156002,1507,0.000,22.001,45.453,0.000,0,7.639
1781860890.177749,1508,0.000,21.748,45.982,0.000,0,7.634
1781860890.199497,1509,0.000,21.748,45.982,0.000,0,7.629
1781860890.221382,1510,111.143,21.885,45.694,115.857,1,7.655
1781860890.243500,1511,0.000,22.118,45.211,0.000,0,7.649
1781860890.265385,1512,0.000,21.885,45.694,0.000,0,7.644
1781860890.287289,1513,0.000,21.904,45.654,0.000,0,7.639
1781860890.309121,1514,0.000,21.832,45.805,0.000,0,7.634
1781860890.330874,1515,0.000,21.753,45.970,0.000,0,7.629
1781860890.352750,1516,106.528,21.876,45.712,116.777,1,7.654
1781860890.374852,1517,0.000,22.102,45.245,0.000,0,7.649
1781860890.396855,1518,0.000,22.002,45.449,0.000,0,7.644
1781860890.418722,1519,0.000,21.868,45.730,0.000,0,7.639
1781860890.440512,1520,0.000,21.790,45.893,0.000,0,7.634
1781860890.462256,1521,0.000,21.744,45.991,0.000,0,7.629
1781860890.484138,1522,110.215,21.882,45.700,122.343,1,7.654
1781860890.506256,1523,0.000,22.119,45.210,0.000,0,7.649
1781860890.528304,1524,0.000,22.048,45.357,0.000,0,7.644
1781860890.550259,1525,0.000,21.955,45.547,0.000,0,7.639
1781860890.572011,1526,0.000,21.752,45.973,0.000,0,7.634
1781860890.593708,1527,0.000,21.697,46.089,0.000,0,7.629
1781860890.615628,1528,112.082,21.920,45.621,123.082,1,7.654
1781860890.637735,1529,0.000,22.107,45.234,0.000,0,7.649
1781860890.659853,1530,0.000,22.118,45.213,0.000,0,7.644
1781860890.681920,1531,0.000,22.067,45.316,0.000,0,7.639
1781860890.703750,1532,0.000,21.830,45.808,0.000,0,7.634
1781860890.725507,1533,0.000,21.757,45.962,0.000,0,7.629
1781860890.747383,1534,113.423,21.876,45.712,0.000,0,7.654
1781860890.769295,1535,0.000,21.912,45.636,0.000,0,7.649
1781860890.790997,1536,0.000,21.701,46.080,0.000,0,7.644
1781860890.812761,1537,0.000,21.764,45.947,0.000,0,7.639
1781860890.834512,1538,0.000,21.751,45.974,0.000,0,7.634
1781860890.856189,1539,0.000,21.677,46.133,0.000,0,7.629
1781860890.878017,1540,112.197,21.828,45.812,120.683,1,7.654
1781860890.899740,1541,0.000,21.722,46.036,0.000,0,7.649
1781860890.921734,1542,0.000,21.994,45.466,0.000,0,7.644
1781860890.943738,1543,0.000,22.004,45.446,0.000,0,7.639
1781860890.965618,1544,0.000,21.880,45.704,0.000,0,7.634
1781860890.987391,1545,0.000,21.773,45.929,0.000,0,7.629
1781860891.009278,1546,110.512,21.887,45.690,119.112,1,7.654
1781860891.031395,1547,0.000,22.117,45.214,0.000,0,7.649
1781860891.053519,1548,0.000,22.124,45.199,0.000,0,7.644
1781860891.075482,1549,0.000,21.963,45.530,0.000,0,7.639
1781860891.097264,1550,0.000,21.781,45.911,0.000,0,7.634
1781860891.118951,1551,0.000,21.688,46.109,0.000,0,7.629
1781860891.140771,1552,110.973,21.820,45.830,120.569,1,7.653
1781860891.162902,1553,0.000,22.131,45.185,0.000,0,7.648
1781860891.184896,1554,0.000,21.993,45.469,0.000,0,7.644
1781860891.206776,1555,0.000,21.881,45.703,0.000,0,7.639
1781860891.228643,1556,0.000,21.867,45.732,0.000,0,7.634
1781860891.250430,1557,0.000,21.787,45.899,0.000,0,7.629
1781860891.272243,1558,0.000,21.813,45.844,0.000,0,7.624
1781860891.294810,1559,116.275,22.568,44.311,142.573,1,7.648
1781860891.316510,1560,0.000,21.699,46.084,0.000,0,7.643
1781860891.338527,1561,0.000,22.017,45.418,0.000,0,7.638
1781860891.360528,1562,0.000,22.001,45.452,0.000,0,7.633
1781860891.382247,1563,0.000,21.719,46.044,0.000,0,7.629
1781860891.404027,1564,0.000,21.780,45.913,0.000,0,7.624
1781860891.426307,1565,111.002,22.280,44.884,136.937,1,7.648
1781860891.448411,1566,0.000,22.104,45.241,0.000,0,7.643
1781860891.470304,1567,0.000,21.894,45.676,0.000,0,7.638
1781860891.492155,1568,0.000,21.851,45.765,0.000,0,7.633
1781860891.513912,1569,0.000,21.757,45.963,0.000,0,7.629
1781860891.535692,1570,0.000,21.780,45.914,0.000,0,7.624
1781860891.557786,1571,111.488,22.094,45.262,136.912,1,7.648
1781860891.579753,1572,0.000,21.967,45.522,0.000,0,7.643
1781860891.601689,1573,0.000,21.936,45.586,0.000,0,7.638
1781860891.623540,1574,0.000,21.851,45.765,0.000,0,7.633
1781860891.645193,1575,0.000,21.652,46.184,0.000,0,7.628
1781860891.666905,1576,0.000,21.713,46.056,0.000,0,7.624
1781860891.689020,1577,113.173,22.115,45.219,137.003,1,7.648
1781860891.711158,1578,0.000,22.138,45.170,0.000,0,7.643
1781860891.732886,1579,0.000,21.728,46.023,0.000,0,7.638
1781860891.754656,1580,0.000,21.770,45.935,0.000,0,7.633
1781860891.776429,1581,0.000,21.773,45.928,0.000,0,7.628
1781860891.798181,1582,0.000,21.751,45.975,0.000,0,7.624
1781860891.820380,1583,113.145,22.200,45.045,134.655,1,7.648
1781860891.842411,1584,0.000,22.031,45.391,0.000,0,7.643
1781860891.864273,1585,0.000,21.861,45.743,0.000,0,7.638
1781860891.886276,1586,0.000,22.003,45.447,0.000,0,7.633
1781860891.908005,1587,0.000,21.729,46.022,0.000,0,7.628
1781860891.929789,1588,0.000,21.784,45.906,0.000,0,7.624
1781860891.951796,1589,117.047,22.007,45.440,131.504,1,7.647
1781860891.974006,1590,0.000,22.211,45.024,0.000,0,7.643
1781860891.996068,1591,0.000,22.062,45.327,0.000,0,7.638
1781860892.017798,1592,0.000,21.729,46.020,0.000,0,7.633
1781860892.039710,1593,0.000,21.912,45.637,0.000,0,7.628
1781860892.061428,1594,0.000,21.718,46.044,0.000,0,7.623
1781860892.083415,1595,111.147,21.986,45.482,125.370,1,7.647
1781860892.105556,1596,0.000,22.142,45.163,0.000,0,7.642
1781860892.127676,1597,0.000,22.119,45.210,0.000,0,7.638
1781860892.149571,1598,0.000,21.896,45.671,0.000,0,7.633
1781860892.171319,1599,0.000,21.748,45.981,0.000,0,7.628
1781860892.193175,1600,0.000,21.856,45.754,0.000,0,7.623
1781860892.215059,1601,113.099,21.884,45.695,124.910,1,7.647
1781860892.237175,1602,0.000,22.115,45.217,0.000,0,7.642
1781860892.259199,1603,0.000,22.024,45.404,0.000,0,7.637
1781860892.281324,1604,0.000,22.125,45.197,0.000,0,7.633
1781860892.303143,1605,0.000,21.818,45.833,0.000,0,7.628
1781860892.324845,1606,0.000,21.703,46.077,0.000,0,7.623
1781860892.346671,1607,116.674,21.825,45.818,122.340,1,7.647
1781860892.368697,1608,0.000,22.026,45.401,0.000,0,7.642
1781860892.390699,1609,0.000,22.002,45.449,0.000,0,7.637
1781860892.412522,1610,0.000,21.823,45.823,0.000,0,7.633
1781860892.434310,1611,0.000,21.788,45.898,0.000,0,7.628
1781860892.456021,1612,0.000,21.711,46.060,0.000,0,7.623
1781860892.477950,1613,111.904,21.930,45.601,117.978,1,7.647
1781860892.499926,1614,0.000,21.976,45.504,0.000,0,7.642
1781860892.521919,1615,0.000,21.992,45.470,0.000,0,7.637
1781860892.543811,1616,0.000,21.892,45.678,0.000,0,7.633
1781860892.565548,1617,0.000,21.737,46.005,0.000,0,7.628
1781860892.587261,1618,0.000,21.713,46.055,0.000,0,7.623
1781860892.609175,1619,105.988,21.914,45.633,116.690,1,7.647
1781860892.631312,1620,0.000,22.137,45.173,0.000,0,7.642
1781860892.653165,1621,0.000,21.853,45.760,0.000,0,7.637
1781860892.675149,1622,0.000,21.984,45.488,0.000,0,7.632
1781860892.696992,1623,0.000,21.843,45.780,0.000,0,7.628
1781860892.718801,1624,0.000,21.808,45.854,0.000,0,7.623
1781860892.740648,1625,112.644,21.848,45.771,122.687,1,7.647
1781860892.763115,1626,0.000,22.467,44.509,0.000,0,7.642
1781860892.785199,1627,0.000,22.084,45.283,0.000,0,7.637
1781860892.807149,1628,0.000,21.950,45.559,0.000,0,7.632
1781860892.828940,1629,0.000,21.791,45.890,0.000,0,7.628
1781860892.850649,1630,0.000,21.709,46.063,0.000,0,7.623
1781860892.872562,1631,112.204,21.913,45.635,122.789,1,7.646
1781860892.894687,1632,0.000,22.125,45.197,0.000,0,7.642
1781860892.916416,1633,0.000,21.729,46.021,0.000,0,7.637
1781860892.938180,1634,0.000,21.764,45.948,0.000,0,7.632
1781860892.959931,1635,0.000,21.751,45.975,0.000,0,7.628
1781860892.981681,1636,0.000,21.750,45.978,0.000,0,7.623
1781860893.003573,1637,110.792,21.892,45.680,122.556,1,7.646
1781860893.025303,1638,0.000,21.730,46.019,0.000,0,7.642
1781860893.047450,1639,0.000,22.147,45.152,0.000,0,7.637
1781860893.069574,1640,0.000,22.124,45.201,0.000,0,7.632
1781860893.091570,1641,0.000,21.996,45.462,0.000,0,7.628
1781860893.113376,1642,0.000,21.806,45.860,0.000,0,7.623
1781860893.135484,1643,105.767,22.109,45.231,123.954,1,7.646
1781860893.157427,1644,0.000,21.942,45.574,0.000,0,7.641
1781860893.179300,1645,0.000,21.874,45.717,0.000,0,7.637
1781860893.201298,1646,0.000,21.997,45.460,0.000,0,7.632
1781860893.223326,1647,0.000,22.028,45.396,0.000,0,7.627
1781860893.245161,1648,0.000,21.835,45.797,0.000,0,7.623
1781860893.267016,1649,111.524,21.855,45.756,0.000,0,7.646
1781860893.288944,1650,0.000,21.928,45.605,0.000,0,7.641
1781860893.310673,1651,0.000,21.729,46.020,0.000,0,7.637
1781860893.332438,1652,0.000,21.765,45.946,0.000,0,7.632
1781860893.354340,1653,0.000,21.902,45.658,0.000,0,7.627
1781860893.376034,1654,0.000,21.694,46.095,0.000,0,7.623
1781860893.397946,1655,112.795,21.912,45.636,129.283,1,7.646
1781860893.419686,1656,0.000,21.739,46.000,0.000,0,7.641
1781860893.441586,1657,0.000,21.901,45.660,0.000,0,7.637
1781860893.463451,1658,0.000,21.865,45.736,0.000,0,7.632
1781860893.485329,1659,0.000,21.878,45.709,0.000,0,7.627
1781860893.507069,1660,0.000,21.740,45.999,0.000,0,7.623
1781860893.528899,1661,111.510,21.830,45.808,127.504,1,7.646
1781860893.550681,1662,0.000,21.782,45.909,0.000,0,7.641
1781860893.572712,1663,0.000,22.031,45.390,0.000,0,7.637
1781860893.594582,1664,0.000,21.869,45.726,0.000,0,7.632
1781860893.616330,1665,0.000,21.749,45.980,0.000,0,7.627
1781860893.638202,1666,0.000,21.871,45.722,0.000,0,7.623
1781860893.660077,1667,116.553,21.875,45.714,127.250,1,7.646
1781860893.682089,1668,0.000,22.012,45.430,0.000,0,7.641
1781860893.704383,1669,0.000,22.294,44.855,0.000,0,7.636
1781860893.726342,1670,0.000,21.959,45.540,0.000,0,7.632
1781860893.748207,1671,0.000,21.866,45.734,0.000,0,7.627
1781860893.769967,1672,0.000,21.760,45.956,0.000,0,7.623
1781860893.791792,1673,110.509,21.825,45.818,122.316,1,7.646
1781860893.813970,1674,0.000,22.177,45.091,0.000,0,7.641
1781860893.836060,1675,0.000,22.090,45.268,0.000,0,7.636
1781860893.857908,1676,0.000,21.848,45.771,0.000,0,7.632
1781860893.879711,1677,0.000,21.803,45.864,0.000,0,7.627
1781860893.901472,1678,0.000,21.761,45.954,0.000,0,7.623
1781860893.923588,1679,111.351,22.116,45.217,123.050,1,7.645
1781860893.945544,1680,0.000,21.956,45.546,0.000,0,7.641
1781860893.967839,1681,0.000,22.296,44.851,0.000,0,7.636
1781860893.989729,1682,0.000,21.890,45.684,0.000,0,7.632
1781860894.011858,1683,0.000,22.129,45.190,0.000,0,7.627
1781860894.033857,1684,0.000,21.999,45.456,0.000,0,7.622
1781860894.055790,1685,112.581,21.933,45.593,123.888,1,7.645
1781860894.077747,1686,0.000,21.957,45.544,0.000,0,7.640
1781860894.099589,1687,0.000,21.842,45.784,0.000,0,7.636
1781860894.121587,1688,0.000,21.998,45.459,0.000,0,7.631
1781860894.143461,1689,0.000,21.874,45.715,0.000,0,7.627
1781860894.165212,1690,0.000,21.750,45.976,0.000,0,7.622
1781860894.187091,1691,111.275,21.879,45.706,123.450,1,7.645
1781860894.208919,1692,0.000,21.828,45.813,0.000,0,7.640
1781860894.230985,1693,0.000,22.067,45.317,0.000,0,7.636
1781860894.252999,1694,0.000,22.013,45.427,0.000,0,7.631
1781860894.274944,1695,0.000,21.945,45.568,0.000,0,7.627
1781860894.296715,1696,0.000,21.771,45.933,0.000,0,7.622
1781860894.318679,1697,116.732,21.964,45.528,124.266,1,7.645
1781860894.340689,1698,0.000,22.011,45.433,0.000,0,7.640
1781860894.362684,1699,0.000,21.995,45.466,0.000,0,7.636
1781860894.384934,1700,0.000,22.250,44.943,0.000,0,7.631
1781860894.406808,1701,0.000,21.874,45.716,0.000,0,7.627
1781860894.428712,1702,0.000,21.904,45.654,0.000,0,7.622
1781860894.450591,1703,110.332,21.879,45.706,119.659,1,7.645
1781860894.472376,1704,0.000,21.785,45.904,0.000,0,7.640
1781860894.494320,1705,0.000,21.944,45.570,0.000,0,7.636
1781860894.516323,1706,0.000,22.003,45.447,0.000,0,7.631
1781860894.538193,1707,0.000,21.870,45.725,0.000,0,7.627
1781860894.559970,1708,0.000,21.777,45.919,0.000,0,7.622
1781860894.581833,1709,111.475,21.862,45.741,121.086,1,7.644
1781860894.603978,1710,0.000,22.146,45.156,0.000,0,7.640
1781860894.626041,1711,0.000,22.063,45.325,0.000,0,7.635
1781860894.647852,1712,0.000,21.811,45.849,0.000,0,7.631
1781860894.669719,1713,0.000,21.867,45.730,0.000,0,7.627
1781860894.691485,1714,0.000,21.766,45.943,0.000,0,7.622
1781860894.713352,1715,110.327,21.867,45.731,121.313,1,7.644
1781860894.735380,1716,0.000,22.028,45.397,0.000,0,7.640
1781860894.757551,1717,0.000,22.171,45.104,0.000,0,7.635
1781860894.779352,1718,0.000,21.801,45.870,0.000,0,7.631
1781860894.801096,1719,0.000,21.745,45.988,0.000,0,7.626
1781860894.822851,1720,0.000,21.755,45.966,0.000,0,7.622
1781860894.844743,1721,116.552,21.891,45.680,123.179,1,7.644
1781860894.866580,1722,0.000,21.837,45.793,0.000,0,7.640
1781860894.888440,1723,0.000,21.860,45.745,0.000,0,7.635
1781860894.910444,1724,0.000,22.004,45.446,0.000,0,7.631
1781860894.932230,1725,0.000,21.785,45.903,0.000,0,7.626
1781860894.953981,1726,0.000,21.752,45.973,0.000,0,7.622
1781860894.975848,1727,111.513,21.867,45.731,117.607,1,7.644
1781860894.997854,1728,0.000,22.005,45.444,0.000,0,7.640
1781860895.019881,1729,0.000,22.027,45.398,0.000,0,7.635
1781860895.041739,1730,0.000,21.858,45.750,0.000,0,7.631
1781860895.063608,1731,0.000,21.869,45.726,0.000,0,7.626
1781860895.085355,1732,0.000,21.746,45.985,0.000,0,7.622
1781860895.107226,1733,110.820,21.871,45.723,117.870,1,7.644
1781860895.129201,1734,0.000,21.976,45.505,0.000,0,7.640
1781860895.150793,1735,0.000,21.591,46.315,0.000,0,7.635
1781860895.172601,1736,0.000,21.809,45.853,0.000,0,7.631
1781860895.194359,1737,0.000,21.757,45.961,0.000,0,7.627
1781860895.216108,1738,0.000,21.749,45.980,0.000,0,7.622
1781860895.237990,1739,109.785,21.883,45.699,118.527,1,7.644
1781860895.260038,1740,0.000,22.048,45.356,0.000,0,7.640
1781860895.281887,1741,0.000,21.849,45.769,0.000,0,7.635
1781860895.303745,1742,0.000,21.858,45.751,0.000,0,7.631
1781860895.325508,1743,0.000,21.764,45.948,0.000,0,7.626
1781860895.347358,1744,0.000,21.850,45.767,0.000,0,7.622
1781860895.369236,1745,111.042,21.878,45.708,120.160,1,7.644
1781860895.391369,1746,0.000,22.132,45.183,0.000,0,7.640
1781860895.413906,1747,0.000,22.537,44.371,0.000,0,7.635
1781860895.435867,1748,0.000,21.961,45.534,0.000,0,7.631
1781860895.457619,1749,0.000,21.752,45.973,0.000,0,7.626
1781860895.479495,1750,0.000,21.876,45.713,0.000,0,7.622
1781860895.501235,1751,115.724,21.740,45.998,121.566,1,7.644
1781860895.523305,1752,0.000,22.070,45.310,0.000,0,7.639
1781860895.545282,1753,0.000,21.976,45.503,0.000,0,7.635
1781860895.567195,1754,0.000,21.914,45.633,0.000,0,7.631
1781860895.589000,1755,0.000,21.804,45.863,0.000,0,7.626
1781860895.610745,1756,0.000,21.746,45.986,0.000,0,7.622
1781860895.632626,1757,111.367,21.881,45.702,117.643,1,7.644
1781860895.654675,1758,0.000,22.049,45.354,0.000,0,7.639
1781860895.676572,1759,0.000,21.897,45.669,0.000,0,7.635
1781860895.698473,1760,0.000,21.901,45.659,0.000,0,7.631
1781860895.720261,1761,0.000,21.788,45.898,0.000,0,7.626
1781860895.742007,1762,0.000,21.747,45.984,0.000,0,7.622
1781860895.763881,1763,110.156,21.873,45.717,118.165,1,7.644
1781860895.785599,1764,0.000,21.718,46.044,0.000,0,7.639
1781860895.807661,1765,0.000,22.062,45.328,0.000,0,7.635
1781860895.829587,1766,0.000,21.926,45.607,0.000,0,7.631
1781860895.851494,1767,0.000,21.907,45.647,0.000,0,7.626
1781860895.873254,1768,0.000,21.760,45.956,0.000,0,7.622
1781860895.895131,1769,110.553,21.878,45.709,119.106,1,7.643
1781860895.916976,1770,0.000,21.845,45.778,0.000,0,7.639
1781860895.938904,1771,0.000,21.928,45.603,0.000,0,7.635
1781860895.960754,1772,0.000,21.850,45.767,0.000,0,7.631
1781860895.982508,1773,0.000,21.754,45.968,0.000,0,7.626
1781860896.004375,1774,0.000,21.867,45.730,0.000,0,7.622
1781860896.026481,1775,113.333,22.105,45.238,120.754,1,7.643
1781860896.048225,1776,0.000,21.744,45.989,0.000,0,7.639
1781860896.070127,1777,0.000,21.902,45.658,0.000,0,7.635
1781860896.091962,1778,0.000,21.835,45.799,0.000,0,7.630
1781860896.113719,1779,0.000,21.757,45.962,0.000,0,7.626
1781860896.135376,1780,0.000,21.658,46.173,0.000,0,7.622
1781860896.157224,1781,110.717,21.847,45.772,118.783,1,7.643
1781860896.179465,1782,0.000,22.241,44.962,0.000,0,7.639
1781860896.201319,1783,0.000,21.854,45.757,0.000,0,7.635
1781860896.223139,1784,0.000,21.820,45.829,0.000,0,7.630
1781860896.244896,1785,0.000,21.757,45.962,0.000,0,7.626
1781860896.266724,1786,0.000,21.828,45.813,0.000,0,7.622
1781860896.288797,1787,112.296,22.073,45.305,120.287,1,7.643
1781860896.310799,1788,0.000,22.002,45.449,0.000,0,7.639
1781860896.332856,1789,0.000,22.056,45.338,0.000,0,7.635
1781860896.354756,1790,0.000,21.901,45.661,0.000,0,7.630
1781860896.376518,1791,0.000,21.762,45.952,0.000,0,7.626
1781860896.398274,1792,0.000,21.755,45.965,0.000,0,7.622
1781860896.420140,1793,111.084,21.866,45.732,120.373,1,7.643
1781860896.442271,1794,0.000,22.130,45.187,0.000,0,7.639
1781860896.464114,1795,0.000,21.843,45.780,0.000,0,7.635
1781860896.486109,1796,0.000,21.995,45.464,0.000,0,7.630
1781860896.507914,1797,0.000,21.804,45.862,0.000,0,7.626
1781860896.529631,1798,0.000,21.718,46.045,0.000,0,7.622
1781860896.551561,1799,110.549,21.930,45.600,120.604,1,7.643
1781860896.573654,1800,0.000,22.093,45.263,0.000,0,7.639
1781860896.595499,1801,0.000,21.845,45.777,0.000,0,7.634
1781860896.617211,1802,0.000,21.712,46.058,0.000,0,7.630
1781860896.639016,1803,0.000,21.806,45.860,0.000,0,7.626
1781860896.660891,1804,0.000,21.874,45.716,0.000,0,7.622
1781860896.682783,1805,0.000,21.892,45.679,0.000,0,7.618
1781860896.704768,1806,117.978,21.985,45.485,143.476,1,7.639
1781860896.726741,1807,0.000,21.973,45.510,0.000,0,7.634
1781860896.748642,1808,0.000,21.901,45.661,0.000,0,7.630
1781860896.770377,1809,0.000,21.735,46.009,0.000,0,7.626
1781860896.792148,1810,0.000,21.771,45.932,0.000,0,7.622
1781860896.813713,1811,0.000,21.565,46.371,0.000,0,7.618
1781860896.835810,1812,114.068,22.097,45.255,135.362,1,7.639
1781860896.857654,1813,0.000,21.844,45.779,0.000,0,7.634
1781860896.879431,1814,0.000,21.776,45.921,0.000,0,7.630
1781860896.900992,1815,0.000,21.561,46.380,0.000,0,7.626
1781860896.922611,1816,0.000,21.620,46.254,0.000,0,7.622
1781860896.944396,1817,0.000,21.785,45.904,0.000,0,7.618
1781860896.966126,1818,112.791,21.730,46.019,129.997,1,7.639
1781860896.988013,1819,0.000,21.887,45.689,0.000,0,7.635
1781860897.009784,1820,0.000,21.771,45.932,0.000,0,7.630
1781860897.031456,1821,0.000,21.671,46.144,0.000,0,7.626
1781860897.052997,1822,0.000,21.542,46.421,0.000,0,7.622
1781860897.074772,1823,0.000,21.775,45.925,0.000,0,7.618
1781860897.096599,1824,110.975,21.827,45.815,125.667,1,7.639
1781860897.118583,1825,0.000,21.984,45.487,0.000,0,7.635
1781860897.140283,1826,0.000,21.700,46.083,0.000,0,7.630
1781860897.161878,1827,0.000,21.595,46.307,0.000,0,7.626
1781860897.183467,1828,0.000,21.589,46.319,0.000,0,7.622
1781860897.205275,1829,0.000,21.808,45.855,0.000,0,7.618
1781860897.227014,1830,110.696,21.739,45.999,124.783,1,7.639
1781860897.249028,1831,0.000,22.014,45.426,0.000,0,7.635
1781860897.271015,1832,0.000,21.987,45.481,0.000,0,7.631
1781860897.292915,1833,0.000,21.899,45.664,0.000,0,7.626
1781860897.314868,1834,0.000,21.953,45.552,0.000,0,7.622
1781860897.336520,1835,0.000,21.653,46.184,0.000,0,7.618
1781860897.358400,1836,116.023,21.880,45.705,122.260,1,7.639
1781860897.380402,1837,0.000,22.002,45.450,0.000,0,7.635
1781860897.402402,1838,0.000,22.000,45.455,0.000,0,7.630
1781860897.424017,1839,0.000,21.616,46.263,0.000,0,7.626
1781860897.445594,1840,0.000,21.577,46.345,0.000,0,7.622
1781860897.467636,1841,0.000,22.042,45.369,0.000,0,7.618
1781860897.489513,1842,104.630,21.877,45.710,114.966,1,7.639
1781860897.511501,1843,0.000,21.988,45.479,0.000,0,7.635
1781860897.533518,1844,0.000,22.017,45.420,0.000,0,7.630
1781860897.555508,1845,0.000,21.990,45.475,0.000,0,7.626
1781860897.577241,1846,0.000,21.733,46.013,0.000,0,7.622
1781860897.599042,1847,0.000,21.801,45.869,0.000,0,7.618
1781860897.620765,1848,111.030,21.723,46.034,0.000,0,7.639
1781860897.642625,1849,0.000,21.860,45.746,0.000,0,7.635
1781860897.664489,1850,0.000,21.864,45.736,0.000,0,7.630
1781860897.686240,1851,0.000,21.751,45.975,0.000,0,7.626
1781860897.707824,1852,0.000,21.584,46.331,0.000,0,7.622
1781860897.729346,1853,0.000,21.521,46.466,0.000,0,7.618
1781860897.751010,1854,106.082,21.665,46.158,0.000,0,7.639
1781860897.772921,1855,0.000,21.910,45.640,0.000,0,7.635
1781860897.794809,1856,0.000,21.888,45.687,0.000,0,7.631
1781860897.816918,1857,0.000,22.110,45.229,0.000,0,7.626
1781860897.838778,1858,0.000,21.859,45.747,0.000,0,7.622
1781860897.860277,1859,0.000,21.499,46.513,0.000,0,7.618
1781860897.881872,1860,0.000,21.595,46.306,0.000,0,7.614
1781860897.903780,1861,110.169,21.908,45.645,0.000,0,7.635
1781860897.925625,1862,0.000,21.844,45.778,0.000,0,7.631
1781860897.947496,1863,0.000,21.871,45.722,0.000,0,7.627
1781860897.969150,1864,0.000,21.653,46.182,0.000,0,7.623
1781860897.991058,1865,0.000,21.909,45.644,0.000,0,7.618
1781860898.012578,1866,0.000,21.520,46.469,0.000,0,7.614
1781860898.034885,1867,111.254,22.307,44.829,0.000,0,7.635
1781860898.057289,1868,0.000,22.404,44.635,0.000,0,7.631
1781860898.079071,1869,0.000,21.782,45.909,0.000,0,7.626
1781860898.100784,1870,0.000,21.713,46.056,0.000,0,7.622
1781860898.122655,1871,0.000,21.871,45.722,0.000,0,7.618
1781860898.144280,1872,0.000,21.625,46.243,0.000,0,7.614
1781860898.166317,1873,110.438,22.036,45.380,0.000,0,7.635
1781860898.188084,1874,0.000,21.768,45.940,0.000,0,7.631
1781860898.209831,1875,0.000,21.747,45.983,0.000,0,7.627
1781860898.231402,1876,0.000,21.571,46.358,0.000,0,7.623
1781860898.253190,1877,0.000,21.787,45.899,0.000,0,7.619
1781860898.274687,1878,0.000,21.498,46.517,0.000,0,7.615
1781860898.296386,1879,111.418,21.699,46.085,0.000,0,7.635
1781860898.318289,1880,0.000,21.902,45.657,0.000,0,7.631
1781860898.340054,1881,0.000,21.765,45.945,0.000,0,7.627
1781860898.361650,1882,0.000,21.596,46.305,0.000,0,7.623
1781860898.383296,1883,0.000,21.646,46.197,0.000,0,7.619
1781860898.405050,1884,0.000,21.754,45.970,0.000,0,7.615
1781860898.426862,1885,110.978,21.812,45.845,127.031,1,7.635
1781860898.448760,1886,0.000,21.898,45.666,0.000,0,7.631
1781860898.470803,1887,0.000,22.043,45.366,0.000,0,7.627
1781860898.492449,1888,0.000,21.646,46.197,0.000,0,7.623
1781860898.514329,1889,0.000,21.880,45.704,0.000,0,7.619
1781860898.536163,1890,0.000,21.834,45.800,0.000,0,7.615
1781860898.557915,1891,111.896,21.752,45.973,125.313,1,7.635
1781860898.579900,1892,0.000,21.984,45.487,0.000,0,7.631
1781860898.601702,1893,0.000,21.802,45.866,0.000,0,7.627
1781860898.623291,1894,0.000,21.588,46.321,0.000,0,7.623
1781860898.644953,1895,0.000,21.662,46.164,0.000,0,7.619
1781860898.666809,1896,0.000,21.856,45.754,0.000,0,7.615
1781860898.688486,1897,111.103,21.677,46.131,122.927,1,7.635
1781860898.710435,1898,0.000,21.949,45.560,0.000,0,7.631
1781860898.732358,1899,0.000,21.923,45.615,0.000,0,7.627
1781860898.754060,1900,0.000,21.702,46.078,0.000,0,7.623
1781860898.776149,1901,0.000,22.089,45.271,0.000,0,7.619
1781860898.798366,1902,0.000,22.217,45.010,0.000,0,7.615
1781860898.820170,1903,111.171,21.803,45.864,122.468,1,7.635
1781860898.842030,1904,0.000,21.860,45.746,0.000,0,7.631
1781860898.864428,1905,0.000,22.398,44.646,0.000,0,7.627
1781860898.886075,1906,0.000,21.648,46.194,0.000,0,7.623
1781860898.907907,1907,0.000,21.831,45.806,0.000,0,7.619
1781860898.929798,1908,0.000,21.891,45.680,0.000,0,7.615
1781860898.951932,1909,0.000,22.134,45.179,0.000,0,7.611
1781860898.973944,1910,0.000,22.012,45.431,0.000,0,7.607
1781860898.995713,1911,0.000,21.770,45.935,0.000,0,7.603
1781860899.017529,1912,0.000,21.816,45.838,0.000,0,7.599
1781860899.039398,1913,0.000,21.868,45.728,0.000,0,7.595
1781860899.061286,1914,0.000,21.888,45.688,0.000,0,7.591
1781860899.083102,1915,0.000,21.816,45.837,0.000,0,7.587
1781860899.104905,1916,0.000,21.803,45.866,0.000,0,7.583
1781860899.126655,1917,0.000,21.750,45.978,0.000,0,7.579
1781860899.148400,1918,0.000,21.745,45.987,0.000,0,7.575
1781860899.170267,1919,0.000,21.867,45.731,0.000,0,7.571
1781860899.192041,1920,0.000,21.774,45.927,0.000,0,7.567
1781860899.213839,1921,0.000,21.798,45.875,0.000,0,7.563
1781860899.235496,1922,0.000,21.657,46.174,0.000,0,7.559
1781860899.257141,1923,0.000,21.645,46.200,0.000,0,7.556
1781860899.279092,1924,0.000,21.950,45.558,0.000,0,7.552
1781860899.300882,1925,0.000,21.790,45.892,0.000,0,7.548
1781860899.322566,1926,0.000,21.684,46.118,0.000,0,7.544
1781860899.344282,1927,0.000,21.716,46.048,0.000,0,7.540
1781860899.366040,1928,0.000,21.758,45.960,0.000,0,7.536
1781860899.387734,1929,0.000,21.695,46.094,0.000,0,7.532
1781860899.409471,1930,0.000,21.736,46.006,0.000,0,7.528
1781860899.431157,1931,0.000,21.686,46.113,0.000,0,7.524
1781860899.452857,1932,0.000,21.700,46.082,0.000,0,7.521
1781860899.474639,1933,0.000,21.782,45.910,0.000,0,7.517
1781860899.496334,1934,0.000,21.695,46.094,0.000,0,7.513
1781860899.518106,1935,0.000,21.772,45.931,0.000,0,7.509
1781860899.539748,1936,0.000,21.643,46.204,0.000,0,7.505
1781860899.561502,1937,0.000,21.753,45.970,0.000,0,7.501
1781860899.583180,1938,0.000,21.678,46.130,0.000,0,7.498
1781860899.604856,1939,0.000,21.677,46.133,0.000,0,7.494
1781860899.626566,1940,0.000,21.709,46.063,0.000,0,7.490
1781860899.648317,1941,0.000,21.751,45.974,0.000,0,7.486
1781860899.670067,1942,0.000,21.750,45.978,0.000,0,7.482
1781860899.691736,1943,0.000,21.669,46.149,0.000,0,7.478
1781860899.713418,1944,0.000,21.682,46.121,0.000,0,7.475
1781860899.735063,1945,0.000,21.645,46.201,0.000,0,7.471
1781860899.756957,1946,0.000,21.894,45.674,0.000,0,7.467
1781860899.779087,1947,0.000,22.129,45.189,0.000,0,7.463
1781860899.800943,1948,0.000,21.856,45.754,0.000,0,7.459
1781860899.822647,1949,0.000,21.705,46.073,0.000,0,7.455
1781860899.844309,1950,0.000,21.662,46.164,0.000,0,7.452
1781860899.866294,1951,0.000,21.984,45.487,0.000,0,7.448
1781860899.887957,1952,0.000,21.663,46.161,0.000,0,7.444
1781860899.909618,1953,0.000,21.661,46.166,0.000,0,7.440
1781860899.931291,1954,0.000,21.672,46.141,0.000,0,7.436
1781860899.952948,1955,0.000,21.657,46.174,0.000,0,7.433
1781860899.974618,1956,0.000,21.670,46.147,0.000,0,7.429
1781860899.996353,1957,0.000,21.735,46.009,0.000,0,7.425
1781860900.018077,1958,0.000,21.724,46.032,0.000,0,7.421
1781860900.039752,1959,0.000,21.675,46.135,0.000,0,7.418
1781860900.061456,1960,0.000,21.704,46.074,0.000,0,7.414
1781860900.083585,1961,0.000,22.129,45.190,0.000,0,7.410
1781860900.105776,1962,0.000,22.191,45.063,0.000,0,7.406
1781860900.127624,1963,0.000,21.848,45.771,0.000,0,7.402
1781860900.149322,1964,0.000,21.698,46.087,0.000,0,7.399
1781860900.171017,1965,0.000,21.695,46.093,0.000,0,7.395
1781860900.192746,1966,0.000,21.729,46.021,0.000,0,7.391
1781860900.214468,1967,0.000,21.721,46.038,0.000,0,7.388
1781860900.236119,1968,0.000,21.651,46.187,0.000,0,7.384
1781860900.257773,1969,0.000,21.655,46.180,0.000,0,7.380
1781860900.279518,1970,0.000,21.744,45.989,0.000,0,7.376
1781860900.301189,1971,0.000,21.672,46.143,0.000,0,7.373
1781860900.322867,1972,0.000,21.678,46.130,0.000,0,7.369
1781860900.344585,1973,0.000,21.718,46.045,0.000,0,7.365
1781860900.366304,1974,0.000,21.719,46.044,0.000,0,7.362
1781860900.387989,1975,0.000,21.685,46.115,0.000,0,7.358
1781860900.409647,1976,0.000,21.658,46.172,0.000,0,7.354
1781860900.431399,1977,0.000,21.752,45.973,0.000,0,7.351
1781860900.453447,1978,0.000,22.048,45.355,0.000,0,7.347
1781860900.475411,1979,0.000,21.964,45.529,0.000,0,7.343
1781860900.497191,1980,0.000,21.780,45.915,0.000,0,7.339
1781860900.518850,1981,0.000,21.659,46.170,0.000,0,7.336
1781860900.540510,1982,0.000,21.660,46.168,0.000,0,7.332
1781860900.562359,1983,0.000,21.850,45.767,0.000,0,7.328
1781860900.583875,1984,0.000,21.516,46.477,0.000,0,7.325
1781860900.605309,1985,0.000,21.434,46.655,0.000,0,7.321
1781860900.628496,1986,0.000,23.187,43.128,0.000,0,7.317
1781860900.650646,1987,0.000,22.150,45.148,0.000,0,7.313
1781860900.672412,1988,0.000,21.766,45.943,0.000,0,7.310
1781860900.694142,1989,0.000,21.730,46.019,0.000,0,7.306
1781860900.715840,1990,0.000,21.699,46.086,0.000,0,7.302
1781860900.737511,1991,0.000,21.670,46.146,0.000,0,7.299
1781860900.759165,1992,0.000,21.654,46.181,0.000,0,7.295
1781860900.780836,1993,0.000,21.671,46.144,0.000,0,7.292
1781860900.802492,1994,0.000,21.657,46.175,0.000,0,7.288
1781860900.824163,1995,0.000,21.671,46.144,0.000,0,7.284
1781860900.845840,1996,0.000,21.677,46.132,0.000,0,7.281
1781860900.867522,1997,0.000,21.681,46.123,0.000,0,7.277
1781860900.889204,1998,0.000,21.683,46.120,0.000,0,7.274
1781860900.910893,1999,0.000,21.689,46.107,0.000,0,7.270
1781860900.932621,2000,0.000,21.728,46.023,0.000,0,7.266
1781860900.954319,2001,0.000,21.698,46.088,0.000,0,7.263
1781860900.975968,2002,0.000,21.649,46.191,0.000,0,7.259
1781860900.997641,2003,0.000,21.674,46.139,0.000,0,7.256
1781860901.019357,2004,0.000,21.716,46.050,0.000,0,7.252
1781860901.041011,2005,0.000,21.654,46.182,0.000,0,7.248
1781860901.063019,2006,0.000,22.009,45.437,0.000,0,7.245
1781860901.084668,2007,0.000,21.649,46.192,0.000,0,7.241
1781860901.106346,2008,0.000,21.678,46.130,0.000,0,7.238
1781860901.128006,2009,0.000,21.660,46.168,0.000,0,7.234
1781860901.149675,2010,0.000,21.669,46.150,0.000,0,7.230
1781860901.171782,2011,0.000,22.107,45.235,0.000,0,7.227
1781860901.193591,2012,0.000,21.810,45.851,0.000,0,7.223
1781860901.215394,2013,0.000,21.803,45.865,0.000,0,7.220
1781860901.237090,2014,0.000,21.696,46.092,0.000,0,7.216
1781860901.258834,2015,0.000,21.744,45.990,0.000,0,7.213
1781860901.280657,2016,0.000,21.823,45.823,0.000,0,7.209
1781860901.302439,2017,0.000,21.781,45.911,0.000,0,7.205
1781860901.324172,2018,0.000,21.733,46.012,0.000,0,7.202
1781860901.345897,2019,0.000,21.725,46.030,0.000,0,7.198
1781860901.367614,2020,0.000,21.717,46.046,0.000,0,7.195
1781860901.389341,2021,0.000,21.727,46.026,0.000,0,7.191
1781860901.411090,2022,0.000,21.749,45.980,0.000,0,7.188
1781860901.432803,2023,0.000,21.713,46.056,0.000,0,7.184
1781860901.454540,2024,0.000,21.738,46.003,0.000,0,7.181
1781860901.476249,2025,0.000,21.708,46.066,0.000,0,7.177
1781860901.497965,2026,0.000,21.717,46.047,0.000,0,7.174
1781860901.519659,2027,0.000,21.693,46.097,0.000,0,7.170
1781860901.541334,2028,0.000,21.676,46.135,0.000,0,7.167
1781860901.563023,2029,0.000,21.689,46.106,0.000,0,7.163
1781860901.584732,2030,0.000,21.708,46.065,0.000,0,7.160
1781860901.606383,2031,0.000,21.651,46.188,0.000,0,7.156
1781860901.628072,2032,0.000,21.689,46.105,0.000,0,7.153
1781860901.650476,2033,0.000,22.404,44.635,0.000,0,7.149
1781860901.672877,2034,0.000,22.401,44.641,0.000,0,7.145
1781860901.694751,2035,0.000,21.874,45.716,0.000,0,7.142
1781860901.716482,2036,0.000,21.731,46.016,0.000,0,7.138
1781860901.738219,2037,0.000,21.737,46.004,0.000,0,7.135
1781860901.759989,2038,0.000,21.769,45.937,0.000,0,7.131
1781860901.781718,2039,0.000,21.729,46.021,0.000,0,7.128
1781860901.803373,2040,0.000,21.656,46.178,0.000,0,7.125
1781860901.825056,2041,0.000,21.683,46.120,0.000,0,7.121
1781860901.846811,2042,0.000,21.755,45.966,0.000,0,7.118
1781860901.868462,2043,0.000,21.651,46.187,0.000,0,7.114
1781860901.890152,2044,0.000,21.689,46.106,0.000,0,7.111
1781860901.911832,2045,0.000,21.680,46.125,0.000,0,7.107
1781860901.933529,2046,0.000,21.697,46.089,0.000,0,7.104
1781860901.955345,2047,0.000,21.817,45.836,0.000,0,7.100
1781860901.977026,2048,0.000,21.680,46.125,0.000,0,7.097
1781860901.998701,2049,0.000,21.675,46.135,0.000,0,7.094
1781860902.020370,2050,0.000,21.670,46.148,0.000,0,7.090
1781860902.042058,2051,0.000,21.687,46.111,0.000,0,7.087
1781860902.063691,2052,0.000,21.634,46.224,0.000,0,7.083
1781860902.086087,2053,0.000,22.396,44.651,0.000,0,7.080
1781860902.107767,2054,0.000,21.679,46.127,0.000,0,7.076
1781860902.129211,2055,0.000,21.444,46.633,0.000,0,7.073
1781860902.151099,2056,0.000,21.889,45.686,0.000,0,7.069
